asin,product_title,product_price,product_original_price,currency,product_star_rating,product_num_ratings,product_num_offers,product_minimum_offer_price,is_best_seller,is_amazon_choice,is_prime,product_availability,climate_pledge_friendly,sales_volume,delivery,has_variations,unit_price,unit_count,coupon_text
B0BQ118F2T,Moto G Play 2023 3-Day Battery Unlocked Made for US 3/32GB 16MP Camera Navy Blue,$99.00 ,$169.99 ,USD,4,1319,16,$69.88 ,FALSE,FALSE,TRUE,Only 1 left in stock - order soon.,FALSE,4K+ bought in past month,"FREE delivery Tue, Sep 24 Only 1 left in stock - order soon.",FALSE,,,
B0CV2W1TKZ,"Samsung Galaxy A15 (SM-155M/DSN), 128GB 6GB RAM, Dual SIM, Factory Unlocked GSM, International Version (Ring Grip Case Bundle) (Light Blue)",$153.99 ,,USD,4.2,186,4,$147.50 ,FALSE,FALSE,TRUE,,FALSE,1K+ bought in past month,"FREE delivery Tue, Sep 24",FALSE,,,
B09SM24S8C,"Samsung Galaxy A03s Cell Phone, AT&amp;T GSM Unlocked Android Smartphone, 32GB, Long Lasting Battery, Expandable Storage, 3 Camera Lenses, Infinite Display - Black (Renewed)",$69.00 ,$99.99 ,USD,3.8,597,35,$64.99 ,FALSE,FALSE,TRUE,,FALSE,2K+ bought in past month,"FREE delivery Tue, Sep 24",TRUE,,,
B0CHH1N9VY,TracFone | Motorola Moto g Pure | Locked | 32GB | 4000 mAh Battery | 13 MP Dual Camera System | 6.5&quot; Max Vision HD+ Display | Blue,$49.99 ,,USD,4.2,2814,3,$43.99 ,FALSE,FALSE,TRUE,,FALSE,500+ bought in past month,"FREE delivery Tue, Sep 24",FALSE,,,
B09T3MQSVP,"Samsung Galaxy A13 5G Cell Phone, AT&amp;T GSM Unlocked Android Smartphone, 64GB, Long Lasting Battery, Expandable Storage, Triple Lens Camera, Infinite Display, Black (Renewed)",$88.09 ,$98.27 ,USD,3.8,1338,31,$70.40 ,FALSE,FALSE,TRUE,,FALSE,500+ bought in past month,"FREE delivery Mon, Sep 30",FALSE,,,
B0BZG14KFJ,"Panasonic Cordless Phone with Answering Machine, Advanced Call Block, Bilingual Caller ID and Easy to Read High-Contrast Display, Expandable System with 2 Handsets - KX-TGD832M (Metallic Black)",$49.99 ,$59.99 ,USD,4.4,3843,3,$25.19 ,FALSE,TRUE,TRUE,,FALSE,4K+ bought in past month,"FREE delivery Tue, Sep 24",FALSE,$25.00 ,2,
B0C2SWQBMB,"Motorola Moto G 5G | 2023 | Unlocked | Made for US 4/128GB | 48 MPCamera | Ink Blue, 163.94x74.98x8.39",$149.99 ,$249.99 ,USD,4.2,2637,8,$100.72 ,FALSE,FALSE,TRUE,,FALSE,2K+ bought in past month,"FREE delivery Tue, Sep 24",TRUE,,,
B0CTD47P22,Samsung Galaxy A15 A155M 128GB Dual-SIM GSM Unlocked Android Smartphone (Latin America Version) - Light Blue,$149.50 ,$158.00 ,USD,4.2,253,9,$146.50 ,FALSE,FALSE,TRUE,,FALSE,500+ bought in past month,"FREE delivery Tue, Sep 24",FALSE,,,
B0CSB14R7J,Samsung Galaxy A15 A155M 128GB Dual-SIM GSM Unlocked Android Smartphone (Latin America Version) - Blue Black,$139.99 ,,USD,4.3,573,15,$136.62 ,FALSE,FALSE,TRUE,,FALSE,1K+ bought in past month,"FREE delivery Tue, Sep 24",FALSE,,,
B0CHK6LWKZ,TracFone | Samsung Galaxy A03s | Locked | 32GB | 5000mAh Battery | 48MP Main Camera | 6.5-in. HD+Infinity-V Display | Black,$59.99 ,,USD,4,258,4,$50.48 ,FALSE,FALSE,TRUE,,FALSE,1K+ bought in past month,"FREE delivery Tue, Sep 24",FALSE,,,
B0C5BMB1WB,Motorola One Ace | 2021 | 2-Day Battery | Unlocked | Made for US 4/64GB | 48MP Camera | Volcanic Gray,$89.00 ,,USD,4,204,10,$85.44 ,FALSE,FALSE,TRUE,,FALSE,1K+ bought in past month,"FREE delivery Tue, Sep 24",FALSE,,,
B0CRVWPWKP,Samsung Galaxy A25 5G A256E 128GB Dual-SIM GSM Unlocked Android Smartphone (Latin Variant/US Compatible LTE) - Blue,$195.00 ,,USD,4,259,15,$164.50 ,FALSE,FALSE,TRUE,,FALSE,400+ bought in past month,"FREE delivery Wed, Sep 25",TRUE,,,
B0CN1QSH8Q,"SAMSUNG Galaxy A15 5G A Series Cell Phone, 128GB Unlocked Android Smartphone, AMOLED Display, Expandable Storage, Knox Security, Super Fast Charging, US Version, 2024, Blue Black",$199.99 ,,USD,4,610,2,$154.00 ,FALSE,FALSE,TRUE,,TRUE,2K+ bought in past month,"FREE delivery Tue, Sep 24",TRUE,,,
B0C22BRGLG,OnePlus Nord N30 5G | Unlocked Dual-SIM Android Smart Phone | 6.7&quot; LCD Display | 8 +128GB | 5000 mAh Battery | 50W Fast Charging | 108MP Camera | Chromatic Gray,$249.99 ,$299.99 ,USD,4.3,963,5,$209.28 ,FALSE,FALSE,TRUE,,FALSE,1K+ bought in past month,"FREE delivery Tue, Sep 24",FALSE,,,
B09NZQJRN7,"VTech DECT 6.0 Cordless Phone - Blue Display, Big Buttons, Speakerphone, Caller ID, Easy Wall Mount, 1000ft Range - White/Grey",$18.45 ,,USD,4.3,9096,2,$13.84 ,FALSE,FALSE,TRUE,,FALSE,2K+ bought in past month,"FREE delivery Tue, Sep 24 on $35 of items shipped by Amazon",FALSE,,,
B09LKXHWCF,"Apple iPhone 13 Mini, 128GB, Blue - Unlocked (Renewed)",$355.81 ,$415.00 ,USD,4.1,4265,20,$303.99 ,FALSE,FALSE,FALSE,,TRUE,500+ bought in past month,"FREE delivery Tomorrow, Sep 20",TRUE,,,
B0CV2W1TKZ,"Samsung Galaxy A15 (SM-155M/DSN), 128GB 6GB RAM, Dual SIM, Factory Unlocked GSM, International Version (Ring Grip Case Bundle) (Light Blue)",$153.99 ,,USD,4.2,186,4,$147.50 ,FALSE,FALSE,TRUE,,FALSE,1K+ bought in past month,"FREE delivery Tue, Sep 24",FALSE,,,
B0BQ118F2T,Moto G Play 2023 3-Day Battery Unlocked Made for US 3/32GB 16MP Camera Navy Blue,$99.00 ,$169.99 ,USD,4,1319,16,$69.88 ,FALSE,FALSE,TRUE,Only 3 left in stock - order soon.,FALSE,4K+ bought in past month,"FREE delivery Tue, Sep 24 Only 3 left in stock - order soon.",FALSE,,,
B09SM24S8C,"Samsung Galaxy A03s Cell Phone, AT&amp;T GSM Unlocked Android Smartphone, 32GB, Long Lasting Battery, Expandable Storage, 3 Camera Lenses, Infinite Display - Black (Renewed)",$69.00 ,$99.99 ,USD,3.8,597,35,$64.99 ,FALSE,FALSE,TRUE,,FALSE,2K+ bought in past month,"FREE delivery Tue, Sep 24",TRUE,,,
B0CHH1N9VY,TracFone | Motorola Moto g Pure | Locked | 32GB | 4000 mAh Battery | 13 MP Dual Camera System | 6.5&quot; Max Vision HD+ Display | Blue,$49.99 ,,USD,4.2,2814,3,$43.99 ,FALSE,FALSE,TRUE,,FALSE,500+ bought in past month,"FREE delivery Tue, Sep 24",FALSE,,,
B0BZG14KFJ,"Panasonic Cordless Phone with Answering Machine, Advanced Call Block, Bilingual Caller ID and Easy to Read High-Contrast Display, Expandable System with 2 Handsets - KX-TGD832M (Metallic Black)",$49.99 ,$59.99 ,USD,4.4,3843,3,$25.19 ,FALSE,TRUE,TRUE,,FALSE,4K+ bought in past month,"FREE delivery Tue, Sep 24",FALSE,$25.00 ,2,
B0C2SWQBMB,"Motorola Moto G 5G | 2023 | Unlocked | Made for US 4/128GB | 48 MPCamera | Ink Blue, 163.94x74.98x8.39",$149.99 ,$249.99 ,USD,4.2,2637,8,$100.72 ,FALSE,FALSE,TRUE,,FALSE,2K+ bought in past month,"FREE delivery Tue, Sep 24",TRUE,,,
B0CTD47P22,Samsung Galaxy A15 A155M 128GB Dual-SIM GSM Unlocked Android Smartphone (Latin America Version) - Light Blue,$149.50 ,$158.00 ,USD,4.2,253,9,$146.50 ,FALSE,FALSE,TRUE,,FALSE,500+ bought in past month,"FREE delivery Tue, Sep 24",FALSE,,,
B0CSB14R7J,Samsung Galaxy A15 A155M 128GB Dual-SIM GSM Unlocked Android Smartphone (Latin America Version) - Blue Black,$139.99 ,,USD,4.3,573,15,$136.62 ,FALSE,FALSE,TRUE,,FALSE,1K+ bought in past month,"FREE delivery Tue, Sep 24",FALSE,,,
B0CHK6LWKZ,TracFone | Samsung Galaxy A03s | Locked | 32GB | 5000mAh Battery | 48MP Main Camera | 6.5-in. HD+Infinity-V Display | Black,$59.99 ,,USD,4,258,4,$50.48 ,FALSE,FALSE,TRUE,,FALSE,1K+ bought in past month,"FREE delivery Tue, Sep 24",FALSE,,,
B0C5BMB1WB,Motorola One Ace | 2021 | 2-Day Battery | Unlocked | Made for US 4/64GB | 48MP Camera | Volcanic Gray,$89.00 ,,USD,4,204,10,$85.44 ,FALSE,FALSE,TRUE,,FALSE,1K+ bought in past month,"FREE delivery Tue, Sep 24",FALSE,,,
B0CRVWPWKP,Samsung Galaxy A25 5G A256E 128GB Dual-SIM GSM Unlocked Android Smartphone (Latin Variant/US Compatible LTE) - Blue,$194.99 ,,USD,4,259,15,$164.50 ,FALSE,FALSE,TRUE,,FALSE,400+ bought in past month,"FREE delivery Wed, Sep 25",TRUE,,,
B0CN1QSH8Q,"SAMSUNG Galaxy A15 5G A Series Cell Phone, 128GB Unlocked Android Smartphone, AMOLED Display, Expandable Storage, Knox Security, Super Fast Charging, US Version, 2024, Blue Black",$199.99 ,,USD,4,610,2,$154.00 ,FALSE,FALSE,TRUE,,TRUE,2K+ bought in past month,"FREE delivery Tue, Sep 24",TRUE,,,
B0C22BRGLG,OnePlus Nord N30 5G | Unlocked Dual-SIM Android Smart Phone | 6.7&quot; LCD Display | 8 +128GB | 5000 mAh Battery | 50W Fast Charging | 108MP Camera | Chromatic Gray,$249.99 ,$299.99 ,USD,4.3,963,5,$209.28 ,FALSE,FALSE,TRUE,,FALSE,1K+ bought in past month,"FREE delivery Tue, Sep 24",FALSE,,,
B09NZQJRN7,"VTech DECT 6.0 Cordless Phone - Blue Display, Big Buttons, Speakerphone, Caller ID, Easy Wall Mount, 1000ft Range - White/Grey",$18.45 ,,USD,4.3,9096,2,$13.84 ,FALSE,FALSE,TRUE,,FALSE,2K+ bought in past month,"FREE delivery Tue, Sep 24 on $35 of items shipped by Amazon",FALSE,,,
B085TCRFST,"Alcatel 1 (16GB) 5.0&quot; Full View Display, Removable Battery, FM Radio, Dual SIM GSM Unlocked US &amp; Global 4G LTE International Version 5033E (Bluish Black)",$41.99 ,$44.70 ,USD,3.6,2048,7,$29.70 ,FALSE,FALSE,TRUE,,FALSE,1K+ bought in past month,"FREE delivery Tue, Sep 24",FALSE,,,
B096T6Y623,"Samsung Galaxy S21 Ultra 5G, US Version, 128GB, Phantom Black - Unlocked (Renewed)",$269.99 ,$294.00 ,USD,3.9,2362,69,$244.99 ,FALSE,FALSE,TRUE,,TRUE,2K+ bought in past month,"FREE delivery Tue, Sep 24",TRUE,,,
B0CMDL3H3V,"SAMSUNG Galaxy S24+ Plus Cell Phone, 256GB AI Smartphone, Unlocked Android, 50MP Camera, Fastest Processor, Long Battery Life, US Version, 2024, Onyx Black",$798.00 ,$999.99 ,USD,4.5,615,2,$741.99 ,FALSE,FALSE,TRUE,,TRUE,1K+ bought in past month,"$10.33 delivery Fri, Oct 4",TRUE,,,
B0CSB22F9C,"Samsung Galaxy A15 (SM-155M/DSN), 128GB 6GB RAM, Dual SIM, Factory Unlocked GSM, International Version (Wall Charger Bundle) (Light Blue)",$149.94 ,,USD,4.1,874,14,$123.70 ,FALSE,FALSE,TRUE,Only 6 left in stock - order soon.,FALSE,4K+ bought in past month,"FREE delivery Wed, Sep 25 Only 6 left in stock - order soon.",FALSE,,,
B0D5T7318W,Bold K10 | 2024 | 3-Day Battery | Unlocked | 6.6” HD+ Infinity Display | 128/4GB | Triple 50MP Camera | US Version | US Warranty | Black,$99.99 ,,USD,3.6,17,6,$98.97 ,FALSE,FALSE,TRUE,,FALSE,200+ bought in past month,"FREE delivery Tue, Sep 24",FALSE,,,
B086QCGQ8C,"AT&amp;T BL102-3 DECT 6.0 3-Handset Cordless Phone for Home with Answering Machine, Call Blocking, Caller ID Announcer, Audio Assist, Intercom, and Unsurpassed Range, Silver/Black",$78.95 ,,USD,4.3,27240,3,$38.25 ,FALSE,FALSE,FALSE,,FALSE,3K+ bought in past month,FREE delivery,FALSE,,,
B0CD99XXQY,"SAMSUNG Galaxy S23 FE AI Phone, 128GB Unlocked Android Smartphone, Long Battery Life, Premium Processor, Tough Gorilla Glass Display, Hi-Res 50MP Camera, US Version, 2023, Mint",$499.99 ,$599.99 ,USD,4.5,1159,2,$451.19 ,FALSE,FALSE,TRUE,,TRUE,200+ bought in past month,"FREE delivery Wed, Sep 25",TRUE,,,
B0CSF1MRRR,BLU G63 | 2023 | 3-Day Battery | Unlocked | 6.8” HD+ Infinity Display | 128/4GB | Dual 13MP Camera | US Version | US Warranty | Green,$89.99 ,$129.99 ,USD,3.9,92,5,$79.99 ,FALSE,FALSE,TRUE,,FALSE,300+ bought in past month,"FREE delivery Tue, Sep 24",FALSE,,,
B0CJCTW1C5,Nokia C2 2E | Android 11 (Go Edition) | Unlocked Smartphone | All Day Battery | 2/32GB | 5.7-Inch Screen | International Version | Blue,$59.99 ,,USD,3.3,70,2,$57.44 ,FALSE,FALSE,TRUE,,FALSE,1K+ bought in past month,"FREE delivery Tue, Sep 24",FALSE,,,
B08H8VZ6PV,Google Pixel 4a with 5G - Android Phone - New Unlocked Smartphone with Night Sight and Ultrawide Lens - Just Black,$159.00 ,,USD,4.3,2927,18,$153.28 ,FALSE,FALSE,TRUE,,FALSE,500+ bought in past month,"FREE delivery Tue, Sep 24",TRUE,,,
B01H1E3EAA,"AT&amp;T TRIMLINE 213 Corded Home Phone with Extra Big Buttons &amp; Visual Ringer. No AC Power Required, Improved Easy-Wall-Mount, Lighted Keypad, 10 Speed Dial Keys, Volume Control, Senior Friendly. White",$17.56 ,$19.95 ,USD,4.4,315,2,$13.28 ,FALSE,FALSE,TRUE,,FALSE,900+ bought in past month,"FREE delivery Tue, Sep 24 on $35 of items shipped by Amazon",FALSE,,,
B08L34JQ9C,"Samsung Galaxy S20 FE 5G, 128GB, Cloud Navy - Unlocked (Renewed)",$166.99 ,,USD,3.9,7272,53,$134.85 ,FALSE,FALSE,TRUE,,TRUE,2K+ bought in past month,"FREE delivery Fri, Sep 27",TRUE,,,
B0CHH6X6H2,Total by Verizon | Samsung Galaxy A03s | Locked | 32GB | 5000mAh Battery | 48MP Main Camera | 6.5-in. HD+Infinity-V Display | Black,$49.99 ,,USD,3.8,276,3,$49.21 ,FALSE,FALSE,TRUE,,FALSE,1K+ bought in past month,"FREE delivery Fri, Sep 27",FALSE,,,
B0C7LNLS9P,"TracFone Moto g Pure (2021), 32GB, Blue - Prepaid Smartphone (Locked/Renewed)",$24.99 ,,USD,4.3,160,1,$24.99 ,FALSE,FALSE,FALSE,,FALSE,500+ bought in past month,FREE delivery on $35 shipped by Amazon.Temporarily out of stock.,FALSE,,,
B0BZ9XNBRB,Google Pixel 7a - Unlocked Android Cell Phone - Smartphone with Wide Angle Lens and 24-Hour Battery - 128 GB – Charcoal,$344.95 ,$499.00 ,USD,4.3,2482,21,$318.00 ,FALSE,FALSE,FALSE,,TRUE,1K+ bought in past month,FREE delivery,TRUE,,,
B0CTD42NJZ,"SAMSUNG Galaxy A15 5G (SM-156M/DSN), 256GB 8GB RAM, Dual SIM, Factory Unlocked GSM, International Version (Wall Charger Bundle) (Light Blue)",$183.69 ,$199.00 ,USD,4.3,146,7,$176.35 ,FALSE,FALSE,TRUE,,FALSE,1K+ bought in past month,"FREE delivery Tue, Sep 24",FALSE,,,
B0DFB9SNBR,TCL ION Z Unlock Smartphone 4G LTE 32GB - Black,$39.00 ,,USD,,0,1,$39.00 ,FALSE,FALSE,FALSE,,FALSE,50+ bought in past month,FREE delivery Sep 24 - 26 Or fastest delivery Sep 23 - 25,FALSE,,,
B0D9N1517Y,"I14 Pro Max Unlocked Smartphone, 6+256GB, Android 13.0 Unlocked Cell Phones, 6.82&quot; HD Screen Battery 6800mAH with 128GB Memory Card/Face ID/Fingerprint Lock/Dual SIM 5G Phone (Blue)",$158.99 ,,USD,4.7,7,1,$158.99 ,FALSE,FALSE,FALSE,,FALSE,100+ bought in past month,FREE delivery,FALSE,,,
B09X7F2GCG,"TracFone TCL Flip 2, 8GB, Black - Prepaid Flip Phone (Locked)",$19.99 ,,USD,4,823,1,$19.99 ,FALSE,FALSE,TRUE,,FALSE,1K+ bought in past month,"FREE delivery Tue, Sep 24 on $35 of items shipped by Amazon",FALSE,,,
B08PPDJWC8,"Apple iPhone 12 Mini, 64GB, Black - Unlocked (Renewed)",$232.00 ,,USD,4.1,13191,16,$203.31 ,FALSE,FALSE,FALSE,,TRUE,2K+ bought in past month,"FREE delivery Tomorrow, Sep 20",TRUE,,,
B0CLHJZJZB,"Samsung Galaxy S23 Fan Edition(FE) 5G (SM-S711B/DS) Dual SIM,256GB + 8GB, Factory Unlocked, International Version - No Warranty - (Purple)",$479.72 ,,USD,4.3,39,3,$429.50 ,FALSE,FALSE,FALSE,Only 1 left in stock - order soon.,FALSE,50+ bought in past month,"FREE delivery Sep 24 - 26 Or fastest delivery Tomorrow, Sep 20 Only 1 left in stock - order soon.",FALSE,,,
B08H8X23ZB,Google Pixel 5 - 5G Android Phone - Water Resistant - Unlocked Smartphone with Night Sight and Ultrawide Lens - Just Black,$284.99 ,,USD,4.4,3432,6,$149.95 ,FALSE,FALSE,TRUE,Only 9 left in stock - order soon.,FALSE,100+ bought in past month,"FREE delivery Wed, Sep 25 Only 9 left in stock - order soon.",TRUE,,,
B0C1Q3MVBP,"Samsung Galaxy A14 5G A Series, Factory Unlocked, 64GB, US Version, Black (Renewed)",$98.52 ,$172.00 ,USD,3.7,762,23,$88.98 ,FALSE,FALSE,TRUE,,FALSE,2K+ bought in past month,"FREE delivery Tue, Sep 24",FALSE,,,
B0CCT2BR1J,Tracfone Samsung Galaxy A14 5G Locked 64GB 5000mAh Battery 50 MP triple-camera system 6.6-in. FHD+ LCD Display Black,$99.88 ,$119.99 ,USD,4.2,308,2,$64.99 ,FALSE,FALSE,TRUE,,FALSE,200+ bought in past month,"FREE delivery Tue, Sep 24",FALSE,,,
B08VLMQ3KS,"Samsung Galaxy S21 5G, US Version, 128GB, Phantom Gray - Unlocked (Renewed)",$209.99 ,$249.00 ,USD,3.9,6272,5,$164.99 ,FALSE,FALSE,FALSE,Only 20 left in stock - order soon.,TRUE,2K+ bought in past month,"FREE delivery Sat, Sep 21 Or fastest delivery Tomorrow, Sep 20 Only 20 left in stock - order soon.",FALSE,,,
B0CGWF3F64,"Motorola razr | 2023 | Unlocked | Made for US 8/128 | 32MP Camera | Summer Lilac, 73.95 x 170.82 x 7.35mm",$699.99 ,,USD,4,440,2,$331.64 ,FALSE,FALSE,TRUE,,FALSE,200+ bought in past month,"FREE delivery Tue, Sep 24",TRUE,,,
B09T3MQSVP,"Samsung Galaxy A13 5G Cell Phone, AT&amp;T GSM Unlocked Android Smartphone, 64GB, Long Lasting Battery, Expandable Storage, Triple Lens Camera, Infinite Display, Black (Renewed)",$88.82 ,$98.27 ,USD,3.8,1338,31,$70.40 ,FALSE,FALSE,FALSE,Only 1 left in stock - order soon.,FALSE,500+ bought in past month,FREE delivery Sep 23 - 24 Only 1 left in stock - order soon.,FALSE,,,
B07JMHLP7B,Panasonic DECT 6.0 Expandable Cordless Phone System with Answering Machine and Call Blocking - 3 Handsets - KX-TGE633M (Metallic Black),$99.99 ,,USD,4.3,2151,3,$49.52 ,FALSE,FALSE,TRUE,,FALSE,900+ bought in past month,"FREE delivery Tue, Sep 24",FALSE,,,
B088NQXD8T,"Apple iPhone SE 2nd Generation, US Version, 64GB, Black - Unlocked (Renewed)",$128.00 ,$156.86 ,USD,4.3,18826,40,$96.69 ,FALSE,FALSE,FALSE,,TRUE,2K+ bought in past month,FREE delivery,TRUE,,,
B088MKVYTF,"Alcatel SMARTFLIP 4052R | 4G LTE | 4GB Flip-Phone | Bluetooth, WiFi, Big Buttons | Carrier locked to AT&amp;T. Phone is not unlocked - Volcano Black",$41.90 ,,USD,3.9,541,10,$22.95 ,FALSE,FALSE,FALSE,,FALSE,500+ bought in past month,FREE delivery Sep 24 - 26 Or fastest delivery Sep 23 - 25,FALSE,,,
B08PMYLKVF,"Apple iPhone 12 Pro, 128GB, Pacific Blue - Fully Unlocked (Renewed)",$387.00 ,$521.01 ,USD,4.2,10317,17,$353.72 ,FALSE,FALSE,FALSE,Only 12 left in stock - order soon.,TRUE,1K+ bought in past month,"FREE delivery Tomorrow, Sep 20 Only 12 left in stock - order soon.",TRUE,,,
B09YDMWFT1,Motorola Moto Edge 5G UW 256gb Nebula Blue for Verizon (Renewed),$96.26 ,$124.56 ,USD,4.1,313,10,$89.22 ,FALSE,FALSE,FALSE,,FALSE,50+ bought in past month,"FREE delivery Sep 25 - 27 Or fastest delivery Tomorrow, Sep 20",FALSE,,,
B096T56NRH,"Samsung Galaxy S21 Ultra 5G, US Version, 256GB, Phantom Black - Unlocked (Renewed)",$358.99 ,,USD,4.1,855,14,$283.95 ,FALSE,FALSE,TRUE,Only 8 left in stock - order soon.,TRUE,200+ bought in past month,"FREE delivery Tue, Sep 24 Only 8 left in stock - order soon.",FALSE,,,
B08PNCYYVZ,"Apple iPhone 12, 128GB, Black - Fully Unlocked (Renewed)",$287.30 ,$314.99 ,USD,4.1,25638,20,$284.92 ,TRUE,FALSE,FALSE,Only 1 left in stock - order soon.,FALSE,2K+ bought in past month,FREE delivery Sep 24 - 26 Only 1 left in stock - order soon.,TRUE,,,
B0CMDLJR6K,"SAMSUNG Galaxy S24 Cell Phone, 256GB AI Smartphone, Unlocked Android, 50MP Camera, Fastest Processor, Long Battery Life, US Version, 2024, Marble Gray",,,,4.4,424,1,,FALSE,FALSE,TRUE,,TRUE,200+ bought in past month,"FREE delivery Thu, Sep 26",FALSE,,,
B0DC6L8DXL,"SPIDERCASE Magnetic for iPhone 16 Plus Case,with 2 Pcs [Tempered Glass Screen Protector] Translucent Matte Back Slim Shockproof Protective Phone Case for iPhone 16 Plus 6.7&#x27;&#x27;,Black",$9.99 ,$19.99 ,USD,4.3,158,1,$9.99 ,FALSE,FALSE,TRUE,,FALSE,100+ bought in past month,"FREE delivery Tue, Sep 24 on $35 of items shipped by Amazon",FALSE,,,Save 10% with coupon
B0BTFHM2GZ,"Panasonic Cordless Phone with Advanced Call Block, Link2Cell Bluetooth, One-Ring Scam Alert, and 2-Way Recording with Answering Machine, 5 Handsets - KX-TGF975B (Black with Silver Trim)",$159.99 ,$179.99 ,USD,4.3,1325,3,$98.03 ,FALSE,FALSE,TRUE,,FALSE,1K+ bought in past month,"FREE delivery Tue, Sep 24",FALSE,,,
B09LNT1F3H,"Apple iPhone 13, 128GB, Red - Unlocked (Renewed)",$422.00 ,,USD,4.1,12051,29,$305.96 ,FALSE,FALSE,FALSE,,TRUE,500+ bought in past month,"FREE delivery Tomorrow, Sep 20",TRUE,,,
B08WHKF6RJ,"Samsung Galaxy S21+ 5G, US Version, 128GB, Phantom Black - Unlocked (Renewed)",$229.95 ,,USD,4.1,2069,39,$179.00 ,FALSE,FALSE,TRUE,,TRUE,1K+ bought in past month,"FREE delivery Wed, Sep 25",FALSE,,,
B08HH2LBHF,"Samsung Galaxy S20 Ultra, 128GB, Cosmic Black - Fully Unlocked (Renewed)",$249.95 ,,USD,3.9,2074,25,$224.93 ,FALSE,FALSE,FALSE,Only 4 left in stock - order soon.,TRUE,400+ bought in past month,"FREE delivery Sat, Sep 21 Only 4 left in stock - order soon.",FALSE,,,
B0CV4NH5T9,"SAMSUNG Galaxy A35 5G A Series Cell Phone, 128GB Unlocked Android Smartphone, AMOLED Display, Advanced Triple Camera System, Expandable Storage, Rugged Design, US Version, 2024, Awesome Lilac",$349.99 ,$399.99 ,USD,4.4,266,3,$313.91 ,FALSE,FALSE,TRUE,,TRUE,500+ bought in past month,"FREE delivery Tue, Sep 24",TRUE,,,
B09BTB5MKT,Motorola Moto G Pure | 2021 | 2-Day battery | Unlocked | Made for US by Motorola | 3/32GB | 13MP Camera | Deep Indigo,$98.93 ,$159.99 ,USD,4.1,2079,7,$80.04 ,FALSE,FALSE,TRUE,,FALSE,300+ bought in past month,"FREE delivery Wed, Sep 25",TRUE,,,
B0BV5SV5HL,Samsung Galaxy S23 Ultra 5G SM-S918B/DS Dual SIM 256GB ROM 8GB RAM GSM Factory Unlocked Global Model (Mobile Cell Phone) (Phantom Green),$799.99 ,$859.99 ,USD,4.4,380,11,$759.50 ,FALSE,FALSE,FALSE,,FALSE,400+ bought in past month,"FREE delivery Sat, Sep 21 Or fastest delivery Tomorrow, Sep 20",FALSE,,,
B09LKXHWCF,"Apple iPhone 13 Mini, 128GB, Blue - Unlocked (Renewed)",$355.81 ,$415.00 ,USD,4.1,4265,20,$303.99 ,FALSE,FALSE,FALSE,,TRUE,500+ bought in past month,"FREE delivery Tomorrow, Sep 20",TRUE,,,
B092NTYZ78,"Panasonic Compact Cordless Phone with DECT 6.0, 1.6&quot; Amber LCD and Illuminated HS Keypad, Call Block, Caller ID, Multiple Display Languages - 1 Handset - KX-TGB810S (Black/Silver)",$19.89 ,$24.99 ,USD,4.2,5617,3,$12.14 ,FALSE,FALSE,TRUE,,FALSE,1K+ bought in past month,"FREE delivery Tue, Sep 24 on $35 of items shipped by Amazon",FALSE,,,
B07P6Y7954,"Apple iPhone XR, 64GB, Black - Unlocked (Renewed)",$187.00 ,,USD,4.4,64977,22,$155.99 ,FALSE,FALSE,FALSE,,TRUE,2K+ bought in past month,"FREE delivery Tomorrow, Sep 20",TRUE,,,
B09V5LDZQ4,"Samsung Galaxy S22 Smartphone, Factory Unlocked Android Cell Phone, 128GB, 8K Camera &amp; Video, Brightest Display, Long Battery Life, Fast 4nm Processor, US Version, Phantom Black (Renewed)",$225.62 ,$379.99 ,USD,4,1980,38,$204.00 ,FALSE,FALSE,FALSE,Only 11 left in stock - order soon.,FALSE,2K+ bought in past month,"FREE delivery Fri, Sep 27 Or fastest delivery Tomorrow, Sep 20 Only 11 left in stock - order soon.",TRUE,,,
B0CQ9SZJN6,"OnePlus 12R, 16GB RAM+256GB, Dual-SIM, US Factory Unlocked Android Smartphone, 5500 mAh Battery, 50MP Camera, 80W Fast Charging, 2024, Iron Gray",$549.99 ,$599.99 ,USD,4.4,397,2,$493.11 ,FALSE,FALSE,TRUE,,FALSE,400+ bought in past month,"FREE delivery Tue, Sep 24",TRUE,,,
B09SNPBN6B,Moto G Power | 2022 | 3-Day Battery | Unlocked | Made for US by Motorola | 4/64GB | 50 MP Camera | Dark Grove,$179.99 ,$199.99 ,USD,4.2,10670,6,$79.79 ,FALSE,FALSE,TRUE,Only 17 left in stock - order soon.,FALSE,List: ,"FREE delivery Tue, Sep 24 Only 17 left in stock - order soon.",TRUE,,,
B09LG4PSB6,Samsung Galaxy S20 FE 5G 128GB Blue Verizon (Renewed),$152.93 ,$478.98 ,USD,4.1,1184,31,$133.99 ,FALSE,FALSE,FALSE,Only 20 left in stock - order soon.,TRUE,500+ bought in past month,FREE delivery Sep 23 - 24 Only 20 left in stock - order soon.,TRUE,,,
B0CSB1GX4H,Samsung Galaxy A15 A155M 128GB Dual-SIM GSM Unlocked Android Smartphone (Latin America Version) - Yellow,$133.00 ,,USD,4.2,269,16,$119.50 ,FALSE,FALSE,TRUE,,FALSE,500+ bought in past month,"FREE delivery Tue, Sep 24",FALSE,,,
B0BLZN9NDG,"SAMSUNG,Galaxy A04e (SM-A042M/DS) Dual SIM 32GB,6.5&#x27;&#x27; GSM Unlocked,International Version-Black",$88.99 ,$105.00 ,USD,3.8,700,10,$70.00 ,FALSE,FALSE,TRUE,,FALSE,500+ bought in past month,"FREE delivery Tue, Sep 24",TRUE,,,
B079Z792J7,Motorola G6 – 32 GB – Unlocked (AT&amp;T/Sprint/T-Mobile/Verizon) – Black - (U.S. Warranty) - PAAE0000US,$69.72 ,,USD,4.2,2049,3,$59.95 ,FALSE,FALSE,TRUE,,FALSE,200+ bought in past month,"FREE delivery Tue, Sep 24",TRUE,,,
B08WF93R89,"Samsung Galaxy S21 5G, US Version, 256GB, Phantom Gray - Unlocked (Renewed)",$238.99 ,$849.99 ,USD,4,1038,15,$164.99 ,FALSE,FALSE,FALSE,Only 2 left in stock - order soon.,TRUE,400+ bought in past month,FREE delivery Sep 23 - 25 Only 2 left in stock - order soon.,TRUE,,,
B09XP9FX25,"Samsung Galaxy A53 5G A Series Cell Phone, Factory Unlocked Android Smartphone, 128GB, 6.5” FHD Super AMOLED Screen, Long Battery Life, US Version, Black (Renewed)",$169.99 ,$189.00 ,USD,3.9,411,14,$127.16 ,FALSE,FALSE,FALSE,Only 3 left in stock - order soon.,FALSE,200+ bought in past month,"FREE delivery Sat, Sep 21 Or fastest delivery Tomorrow, Sep 20 Only 3 left in stock - order soon.",FALSE,,,
B0991J62ZY,"Samsung Galaxy A12 (32GB, 3GB) 6.5&quot; HD+, Quad Camera, 5000mAh Battery, Global 4G Volte (AT&amp;T Unlocked for T-Mobile, Verizon, Metro) A125U (Black) (Renewed)",$85.99 ,,USD,3.8,1684,29,$74.74 ,FALSE,FALSE,FALSE,Only 15 left in stock - order soon.,TRUE,1K+ bought in past month,"FREE delivery Sat, Sep 21 Or fastest delivery Tomorrow, Sep 20 Only 15 left in stock - order soon.",TRUE,,,
B0BDP9S53V,SAMSUNG S21 FE 128GB GRAY TMOBILE (Renewed),$169.99 ,$188.00 ,USD,4,131,19,$162.82 ,FALSE,FALSE,FALSE,,FALSE,50+ bought in past month,FREE delivery,TRUE,,,
B07T1LXD8P,"Apple iPhone XR, Fully Unlocked, 64 GB - Black (Renewed)",$187.00 ,,USD,4.3,383,8,$169.99 ,FALSE,FALSE,FALSE,,TRUE,500+ bought in past month,"FREE delivery Tomorrow, Sep 20",FALSE,,,
B0CQ5C2274,"Samsung Galaxy A15 (SM-A155F/DSN), 128GB 4GB RAM, Dual SIM, Factory Unlocked GSM, International Version (Wall Charger Bundle) (Blue Black)",$142.49 ,,USD,4.1,1686,6,$99.50 ,FALSE,FALSE,TRUE,,FALSE,400+ bought in past month,"FREE delivery Tue, Sep 24",FALSE,,,
B0CSGK59ZB,"Panasonic Corded/Cordless Phone with Advanced Call Block, 2-Way Recording and Digital Answering Machine, 2 Handsets Expandable up to 6 Cordless Handsets - KX-TGF852B (Black)",$99.99 ,,USD,4.4,131,4,$74.99 ,FALSE,FALSE,TRUE,,FALSE,600+ bought in past month,"FREE delivery Tue, Sep 24",FALSE,,,
B07C4WX72D,"VTech SN5147 Amplified Corded/Cordless Senior Phone with Answering Machine, Call Blocking, 90dB Extra-loud Visual Ringer, One-touch Audio Assist on Handset up to 50dB, White",$63.98 ,$109.95 ,USD,4,6350,23,$29.95 ,FALSE,FALSE,FALSE,Only 10 left in stock - order soon.,FALSE,1K+ bought in past month,FREE deliveryOnly 10 left in stock - order soon.,FALSE,,,
B09Z8P34NM,"SAMSUNG Galaxy A13 LTE, Factory Unlocked Smartphone, Android Cell Phone, Water Resistant, 50MP Camera, US Version, 32GB, Black (Renewed)",$89.55 ,,USD,4,557,26,$81.40 ,FALSE,FALSE,FALSE,Only 1 left in stock - order soon.,FALSE,1K+ bought in past month,FREE delivery Sep 20 - 23 Only 1 left in stock - order soon.,FALSE,,,
B0CYQ916ZY,"Google Pixel 8a - Unlocked Android Phone with Google AI, Advanced Pixel Camera and 24-Hour Battery - Obsidian - 128 GB",$399.00 ,$499.00 ,USD,4.2,400,2,$383.04 ,FALSE,FALSE,TRUE,,TRUE,1K+ bought in past month,"FREE delivery Tue, Sep 24",TRUE,,,
B07WRDT6DS,"Motorola O212 DECT 6.0 Long Range Cordless Phone - Wireless Phones for Home &amp; Office Phone with Answering Machine - Indoors and Outdoors, Water &amp; Dust Resistant, IP67 Certified - Black, 2 Handsets",$129.95 ,,USD,4,501,1,$129.95 ,FALSE,FALSE,TRUE,,FALSE,100+ bought in past month,"FREE delivery Tue, Sep 24",FALSE,,,
B0CRFB8HW4,"SAMSUNG Galaxy A05 (128GB, 4GB) 6.7&quot; Dual SIM Fully Unlocked Global 4G LTE A055M/DS (Black)",$111.07 ,$119.99 ,USD,4,101,10,$94.76 ,FALSE,FALSE,TRUE,,FALSE,500+ bought in past month,"FREE delivery Wed, Sep 25",TRUE,,,
B09D2ZJLLV,Panasonic KX-TG994 DECT 6.0 Bluetooth 4-Handset Phone Bundle,$89.97 ,,USD,4.4,382,14,$79.00 ,FALSE,FALSE,TRUE,,FALSE,700+ bought in past month,"FREE delivery Tue, Sep 24",FALSE,,,
B0BZG31S2R,"Panasonic Cordless Phone with Answering Machine, Link2Cell Bluetooth, Voice Assistant and Advanced Call Blocking, Expandable System with 4 Handsets - KX-TGD864W (White)",$99.99 ,$119.99 ,USD,4.4,1332,7,$46.20 ,FALSE,FALSE,TRUE,,FALSE,1K+ bought in past month,"FREE delivery Tue, Sep 24",FALSE,,,
B0CMDRFVTL,"SAMSUNG Galaxy S24 Cell Phone, 256GB AI Smartphone, Unlocked Android, 50MP Camera, Fastest Processor, Long Battery Life, US Version, 2024, Cobalt Violet",$859.99 ,,USD,4.4,424,2,$724.02 ,FALSE,FALSE,TRUE,,TRUE,100+ bought in past month,"FREE delivery Tue, Sep 24",TRUE,,,
B0CTW8TXGH,Tracfone | Motorola Moto g Play 2024 | Locked | 64GB | 5000mAh Battery | 50MP Quad Pixel Camera | 6.5-in. HD+ 90Hz Display | Sapphire Blue,$49.99 ,,USD,4.3,49,1,$49.99 ,FALSE,FALSE,TRUE,,FALSE,500+ bought in past month,"FREE delivery Tue, Sep 24",FALSE,,,
B0CCSZZGT7,"TracFone Motorola Moto g Play, 32GB, Black - Prepaid Smartphone (Locked)",$49.99 ,,USD,4,265,1,$49.99 ,FALSE,FALSE,TRUE,,FALSE,400+ bought in past month,"FREE delivery Tue, Sep 24",FALSE,,,
B00839N5O8,VTech CS6649 Expandable Corded/Cordless Phone System with Answering System-Caller ID/Call Waiting &amp; Handset/Base Speakerphones,$54.95 ,,USD,4.3,7887,2,$36.84 ,FALSE,FALSE,TRUE,,FALSE,500+ bought in past month,"FREE delivery Tue, Sep 24",FALSE,,,Save $4.00 with coupon
B0CV1FCLLR,"Motorola Moto G14 Dual SIM (2023) 4G LTE (4/128GB) 6.5&quot;&quot; IPS LDC Display | Android 13 | 50MP Rear Camera | 5000mAh Battery | International Model - (Steel Gray), XT2341-2",$103.12 ,$149.99 ,USD,3.8,37,7,$102.96 ,FALSE,FALSE,TRUE,Only 6 left in stock - order soon.,FALSE,400+ bought in past month,"FREE delivery Wed, Oct 2 Only 6 left in stock - order soon.",TRUE,,,
B0CQ5JGH2Y,"OnePlus 12,16GB RAM+512GB,Dual-SIM,Unlocked Android Smartphone,Supports 50W Wireless Charging,Latest Mobile Processor,Advanced Hasselblad Camera,5400 mAh Battery,2024,Flowy Emerald",$799.99 ,$899.99 ,USD,4.5,506,2,$715.67 ,FALSE,FALSE,TRUE,,FALSE,400+ bought in past month,"FREE delivery Tue, Sep 24",FALSE,,,
B0CTBCDCDH,Samsung Galaxy A05s A057M 128GB Dual-SIM GSM Unlocked Android Smartphone (Latin America Version) - Light Violet,$117.90 ,,USD,4.2,62,1,$117.90 ,FALSE,FALSE,TRUE,,FALSE,200+ bought in past month,"FREE delivery Tue, Sep 24",FALSE,,,
B000050FZP,"AT&amp;T 210 Basic Trimline Corded Phone, No AC Power Required, Wall-Mountable, White",$15.95 ,$18.86 ,USD,4.2,19530,49,$8.61 ,FALSE,FALSE,TRUE,,FALSE,1K+ bought in past month,"FREE delivery Thu, Sep 26 on $35 of items shipped by AmazonOr fastest delivery Tue, Sep 24",FALSE,,,
B09R1RKWPM,"AT&amp;T TRIMLINE 210 Corded Home Phone, No AC Power Required, Improved Easy-Wall-Mount, Lighted Big Button Keypad, 13 SpeedDial Keys, Last Number Redial, Mute, Flash, Volume Control, Beige",$16.14 ,$16.95 ,USD,4.3,2962,3,$9.65 ,FALSE,FALSE,TRUE,,FALSE,1K+ bought in past month,"FREE delivery Tue, Sep 24 on $35 of items shipped by Amazon",FALSE,,,
B0BNMD2NLP,"AT&amp;T GL2101 DECT 6.0 Cordless Home Phone with Call Block, Caller ID, Full-Duplex Handset Speakerphone, 2&quot; White Backlit Display, Lighted Keypad (Graphite &amp; Black)",$24.95 ,,USD,4.4,1293,3,$14.85 ,FALSE,FALSE,TRUE,,FALSE,300+ bought in past month,"FREE delivery Tue, Sep 24 on $35 of items shipped by Amazon",FALSE,,,
B0BBWDM8MC,"Nokia G100 | Verizon, T-Mobile, AT&amp;T | Android 12 | Unlocked Smartphone | 3-Day Battery | US Version | 4/128GB | 6.52-Inch Screen | 13MP Triple Camera | Polar Night",$99.99 ,,USD,3.3,172,2,$56.08 ,FALSE,FALSE,TRUE,,FALSE,100+ bought in past month,"FREE delivery Tue, Sep 24",FALSE,,,
B0D3LB85H2,"DOOGEE S118 4G Rugged Smartphone Unlocked,MTK G99 Android 14 20GB+512GB Waterproof Cell Phone, 6.58&quot; FHD+ 120Hz,10800mAh+ 33W,50MP Rear+32MP Front Rugged Phone, Dual SIM/OTG/GPS/NFC Black",$299.99 ,,USD,3.8,31,1,$299.99 ,FALSE,FALSE,TRUE,,FALSE,,"FREE delivery Tue, Sep 24",TRUE,,,
B0CRWKVZVP,"SAMSUNG Galaxy A15 5G 128GB, 6.5&quot;, GSM Unlocked, International Model A156M/DSN (Blue Black)",$159.99 ,,USD,4.1,89,6,$127.70 ,FALSE,FALSE,TRUE,Only 8 left in stock - order soon.,FALSE,500+ bought in past month,"FREE delivery Tue, Sep 24 Only 8 left in stock - order soon.",FALSE,,,
B0CN1Q2X3B,"SAMSUNG Galaxy A25 5G A Series Cell Phone, 128GB Unlocked Android Smartphone, AMOLED Display, Advanced Triple Camera System, Expandable Storage, Stereo Speakers, US Version, 2024, Black",$249.99 ,$299.99 ,USD,3.4,262,2,$164.31 ,FALSE,FALSE,TRUE,,FALSE,500+ bought in past month,"FREE delivery Tue, Sep 24",FALSE,,,
B0CRWT7WF1,Samsung Galaxy A05 A055M 64GB Dual-SIM GSM Unlocked Android Smartphone (Latin America Version) - Black,$98.00 ,$118.97 ,USD,4,115,14,$95.97 ,FALSE,FALSE,TRUE,,FALSE,500+ bought in past month,"FREE delivery Tue, Sep 24",FALSE,,,
B07ZHPCJW3,OnePlus 7T 8GB RAM 128GB ROM US Model HD1905 Factory Unlocked 6.55 inch AMOLED 90Hz Display Dual SIM Frosted Silver US Warranty,,,,3.8,20,1,,FALSE,FALSE,FALSE,,FALSE,,,FALSE,,,
B07VCB7P1L,Kyocera DuraForce Pro 2 with Sapphire Shield E6910 Black - Verizon (Renewed),$72.25 ,$91.00 ,USD,3.5,381,7,$64.30 ,FALSE,FALSE,TRUE,,TRUE,50+ bought in past month,"FREE delivery Tue, Sep 24",FALSE,,,
B084KS5WYC,Samsung Galaxy A10e 32GB A102U GSM Unlocked Phone - Black (Renewed),$69.07 ,$77.00 ,USD,3.9,3440,26,$68.95 ,FALSE,FALSE,FALSE,,TRUE,500+ bought in past month,"FREE delivery Sat, Sep 21",FALSE,,,
B0CNL663BM,Apple iPhone 8 64GB Unlocked - Gray,$120.00 ,$139.00 ,USD,4.1,269,10,$89.99 ,FALSE,FALSE,FALSE,,FALSE,1K+ bought in past month,"FREE delivery Sat, Sep 21",FALSE,,,
B08NFCZGJF,"Samsung Galaxy A01 SM-A015A 16GB 5.7” Single-SIM Android Smartphone (Renewed) (Black, GSM Unlocked)",$68.00 ,,USD,3.8,310,2,$67.89 ,FALSE,FALSE,TRUE,Only 20 left in stock - order soon.,TRUE,100+ bought in past month,"FREE delivery Tue, Sep 24 Only 20 left in stock - order soon.",FALSE,,,
B092499CS7,"AT&amp;T CL82267 DECT 6.0 2-Handset Cordless Phone for Home with Answering Machine, Call Blocking, Caller ID Announcer, Intercom and Long Range, Black &amp; Wood Grain Finish",$46.49 ,$65.95 ,USD,4.3,7573,2,$32.72 ,FALSE,FALSE,TRUE,,FALSE,300+ bought in past month,"FREE delivery Tue, Sep 24",FALSE,,,
B0D79Z15XR,Samsung Galaxy A15 5G + 4G LTE (256GB + 8GB) Unlocked (T-Mobile Mint Tello &amp; Global) SM-A156M/DSN Dual Sim Warranty Latin America 6.5&quot; 50MP Triple + (15W Wall Charger) (Blue/Black 1 Year Latin),$174.99 ,,USD,,0,1,$174.99 ,FALSE,FALSE,TRUE,Only 8 left in stock - order soon.,FALSE,,"FREE delivery Fri, Sep 27 Only 8 left in stock - order soon.",FALSE,,,
B0CF2PV74C,Motorola Moto G54 Dual-SIM 256GB ROM + 8GB RAM (Only GSM | No CDMA) Factory Unlocked 5G Smartphone (Midnight Blue) - International Version,$154.98 ,$177.00 ,USD,4.4,1073,6,$139.50 ,FALSE,FALSE,TRUE,,FALSE,200+ bought in past month,"FREE delivery Tue, Sep 24",FALSE,,,
B0CGTKM9WC,"Google Pixel 8 - Unlocked Android Smartphone with Advanced Pixel Camera, 24-Hour Battery, and Powerful Security - Hazel - 128 GB",$499.00 ,$699.00 ,USD,4.3,2391,5,$475.00 ,FALSE,FALSE,TRUE,,TRUE,400+ bought in past month,"FREE delivery Tue, Sep 24",TRUE,,,
B0CXTBZWQH,"DOOGEE N55 Android 14 Cell Phone,9GB+128GB Expandable 1TB Android Phone,6.56&quot; HD+ 90Hz Unlocked Cell Phone,5150mAh Battery,13MP+8MP,Dual SIM 4G Phone,Face Unlock,OTG/T-Mobile",$139.99 ,,USD,4.4,48,1,$139.99 ,FALSE,FALSE,TRUE,,FALSE,50+ bought in past month,"FREE delivery Tue, Sep 24",FALSE,,,
B09VD33WHW,Samsung Galaxy S22 Ultra 5G Unlocked - 128GB - Black (Renewed),$389.00 ,,USD,3.9,3876,34,$339.00 ,FALSE,FALSE,FALSE,,FALSE,1K+ bought in past month,"FREE delivery Sep 23 - 24 Or fastest delivery Tomorrow, Sep 20",TRUE,,,
B0B8F1S1XG,"AT&amp;T CL82219 DECT 6.0 2-Handset Cordless Phone for Home with Answering Machine, Call Blocking, Caller ID Announcer, Intercom and Long Range, Black",$51.60 ,$65.95 ,USD,4.3,574,6,$27.67 ,FALSE,FALSE,TRUE,,FALSE,500+ bought in past month,"FREE delivery Tue, Sep 24",FALSE,,,
B0CD8YMKWC,"SAMSUNG Galaxy S23 FE Cell Phone, 256GB, Unlocked Android Smartphone, Long Battery Life, Premium Processor, Tough Gorilla Glass Display, Hi-Res 50MP Camera, US Version, 2023, Cream",$559.99 ,$659.99 ,USD,4.5,1159,2,$451.85 ,FALSE,FALSE,TRUE,,TRUE,100+ bought in past month,"FREE delivery Tue, Sep 24",TRUE,,,
B0D96WTMNT,"SAMSUNG Galaxy A15 5G (SM-156M/DSN), 128GB 6GB RAM, Dual SIM, Factory Unlocked GSM, International Version (Wall Charger Bundle) (Blue)",$162.50 ,,USD,4.3,42,5,$127.70 ,FALSE,FALSE,TRUE,Only 20 left in stock - order soon.,FALSE,500+ bought in past month,"FREE delivery Fri, Sep 27 Only 20 left in stock - order soon.",TRUE,,,
B096YK3RN9,"SAMSUNG Galaxy S21+ Plus G996U| Fully Unlocked Android Cell Phone | US Version 5G Smartphone | Pro-Grade Camera, 8K Video, 64MP High Res | 128GB - Phantom Silver - (Renewed)",$246.00 ,,USD,4,1340,21,$187.00 ,FALSE,FALSE,FALSE,Only 5 left in stock - order soon.,TRUE,100+ bought in past month,"FREE delivery Tomorrow, Sep 20 Only 5 left in stock - order soon.",TRUE,,,
B0BTTQGVVW,"Cat S22 Flip (16GB) 2.8&quot; Touchscreen, Android 11, IP68 Water Resistant, 4G LTE GSM (T-Mobile Unlocked for MetroPCS, Global) (Black)",$64.94 ,,USD,3.9,1492,9,$49.90 ,FALSE,FALSE,FALSE,,FALSE,1K+ bought in past month,FREE delivery,FALSE,,,
B0BHHJV7W9,"AT&amp;T CL82507 DECT 6.0 5-Handset Cordless Phone for Home with Answering Machine, Call Blocking, Caller ID Announcer, Intercom and Long Range, Silver (CL82507)",$117.77 ,,USD,4.3,20608,4,$57.19 ,FALSE,FALSE,TRUE,,FALSE,500+ bought in past month,"FREE delivery Tue, Sep 24",FALSE,$23.55 ,5,
B0DB88HK1Z,Reno 11 Pro Unlocked Android Phone 6.7-inch HD LCD Unlocked Cell Phone 8GB+256GB Android 13 Smartphone 6000 mAh Large Battery Unlocked Phone 50MP+13MP Camera Dual SIM (Rock Grey),$99.99 ,$119.99 ,USD,2.8,6,1,$99.99 ,FALSE,FALSE,TRUE,,FALSE,List: ,"FREE delivery Wed, Sep 25",TRUE,,,
B0BP8GMBPF,ONEPLUS 10T | Moonstone Black | 5G Unlocked Android Smartphone U.S Version | 8GB RAM+128GB Storage (Renewed),$204.95 ,$389.00 ,USD,3.8,73,1,$204.95 ,FALSE,FALSE,TRUE,,FALSE,200+ bought in past month,"FREE delivery Tue, Sep 24",FALSE,,,
B0B8F1S1XG,"AT&amp;T CL82219 DECT 6.0 2-Handset Cordless Phone for Home with Answering Machine, Call Blocking, Caller ID Announcer, Intercom and Long Range, Black",$51.60 ,$65.95 ,USD,4.3,574,6,$27.67 ,FALSE,FALSE,TRUE,,FALSE,500+ bought in past month,"FREE delivery Tue, Sep 24",FALSE,,,
B0D6YZ4PQB,"CUBOT KingKong X Rugged Smartphone 5G- 32GB RAM+512GB ROM Cell Phones, 10200mAh Battery, 100MP Camera, 6.58&quot; FHD+1.85&quot; Dual Screen, IP68/IP69K Phone Unlocked, 5G Dual SIM Android 14 Phone, NFC/GPS/OTG",$399.99 ,,USD,4.1,56,1,$399.99 ,FALSE,FALSE,TRUE,,FALSE,50+ bought in past month,"FREE delivery Tue, Sep 24",FALSE,,,
B096YK3RN9,"SAMSUNG Galaxy S21+ Plus G996U| Fully Unlocked Android Cell Phone | US Version 5G Smartphone | Pro-Grade Camera, 8K Video, 64MP High Res | 128GB - Phantom Silver - (Renewed)",$246.00 ,,USD,4,1340,21,$187.00 ,FALSE,FALSE,FALSE,Only 5 left in stock - order soon.,TRUE,100+ bought in past month,"FREE delivery Tomorrow, Sep 20 Only 5 left in stock - order soon.",TRUE,,,
B0DB88HK1Z,Reno 11 Pro Unlocked Android Phone 6.7-inch HD LCD Unlocked Cell Phone 8GB+256GB Android 13 Smartphone 6000 mAh Large Battery Unlocked Phone 50MP+13MP Camera Dual SIM (Rock Grey),$99.99 ,$119.99 ,USD,2.8,6,1,$99.99 ,FALSE,FALSE,TRUE,,FALSE,List: ,"FREE delivery Wed, Sep 25",TRUE,,,
B0CBNMDSTH,TCL FLIP 4056W 4GB 4G Unlocked GSM Flip Phone - for Senior Easy Use Gray,$62.99 ,,USD,3.6,15,1,$62.99 ,FALSE,FALSE,FALSE,,FALSE,,"FREE delivery Sep 24 - 26 Or fastest delivery Mon, Sep 23",FALSE,,,
B0BHHJV7W9,"AT&amp;T CL82507 DECT 6.0 5-Handset Cordless Phone for Home with Answering Machine, Call Blocking, Caller ID Announcer, Intercom and Long Range, Silver (CL82507)",$117.77 ,,USD,4.3,20608,4,$57.19 ,FALSE,FALSE,TRUE,,FALSE,500+ bought in past month,"FREE delivery Tue, Sep 24",FALSE,$23.55 ,5,
B0BTTQGVVW,"Cat S22 Flip (16GB) 2.8&quot; Touchscreen, Android 11, IP68 Water Resistant, 4G LTE GSM (T-Mobile Unlocked for MetroPCS, Global) (Black)",$64.94 ,,USD,3.9,1492,9,$49.90 ,FALSE,FALSE,FALSE,,FALSE,1K+ bought in past month,FREE delivery,FALSE,,,
B0BLD393H7,"Nokia 2780 Flip | Unlocked | KaiOS | Verizon, AT&amp;T, T-Mobile | Blue",$88.00 ,,USD,3.7,809,3,$41.21 ,FALSE,FALSE,TRUE,,FALSE,1K+ bought in past month,"FREE delivery Tue, Sep 24",TRUE,,,
B07HB15NMK,AT&amp;T EL52513 5-Handset Cordless Phone with Answering System &amp; XL Backlit Keys,$106.08 ,,USD,4.3,18566,3,$62.42 ,FALSE,FALSE,TRUE,,FALSE,100+ bought in past month,"FREE delivery Tue, Sep 24",FALSE,,,
B0D6YZR64W,"DOOGEE Blade 10 Rugged Phone Unlocked Android 14,9GB+128GB/TF 2TB Octa Core Rugged Smartphone,6.56&quot; HD+ 90Hz Cell Phone,16MP Camera,4G Dual SIM IP68/IP69K Waterproof Phone,Widevine L1/GPS/Face ID",$199.99 ,,USD,4.5,11,1,$199.99 ,FALSE,FALSE,TRUE,,FALSE,,"FREE delivery Tue, Sep 24",FALSE,,,
B086R819LS,"VTech IS8151-5 Super Long Range 5 Handset DECT 6.0 Cordless Phone for Home with Answering Machine, 2300 ft Range, Call Blocking, Bluetooth, Headset Jack, Power Backup, Intercom, Expandable to 12 HS",$148.87 ,$164.95 ,USD,4.2,8627,5,$51.94 ,FALSE,FALSE,TRUE,,FALSE,300+ bought in past month,"FREE delivery Tue, Sep 24",FALSE,,,
B0B8W377RV,"Google Pixel 6a 5G, US Version, 128GB, Charcoal - Unlocked (Renewed)",$172.49 ,,USD,3.9,982,7,$139.85 ,FALSE,FALSE,FALSE,Only 1 left in stock - order soon.,FALSE,400+ bought in past month,FREE delivery Sep 23 - 25 Only 1 left in stock - order soon.,TRUE,,,
B08PMP778K,"Apple iPhone 12 Pro Max, 128GB, Pacific Blue - Fully Unlocked (Renewed)",$469.99 ,,USD,4.2,9355,8,$449.99 ,FALSE,FALSE,TRUE,Only 2 left in stock - order soon.,TRUE,400+ bought in past month,"FREE delivery Sat, Sep 21 Or fastest delivery Tomorrow, Sep 20 Only 2 left in stock - order soon.",TRUE,,,
B0D897WH4K,Bold K50 | 5G| 2024 | 3-Day Battery | Unlocked | 6.7” FHD+ 3D AMOLED | 256/8GB | Triple 64MP Camera | US Version | US Warranty | Purple,$199.99 ,,USD,4.1,21,1,$199.99 ,FALSE,FALSE,TRUE,,FALSE,300+ bought in past month,"FREE delivery Tue, Sep 24",FALSE,,,
B0CKNHHZH1,"Cheap Smartphone， 5.0&#x27;&#x27; Android 9.0, 16GB ROM(Extendable to 128GB,Dual SIM Dual Camera, WiFi,Bluetooth,GPS Basic Mobile Phones (R10-Purple)",$51.99 ,,USD,3,83,1,$51.99 ,FALSE,FALSE,TRUE,,FALSE,,"FREE delivery Wed, Sep 25",TRUE,,,
B0D3F61948,"UMIDIGI G9 5G Cell Phone, Android 14 Unlocked Phones, 12(6+6) GB +128GB/1TB TF Expand, 5G Dual SIM, 50MP Camera, 6.75&quot; HD+ 90Hz Display, AI Face &amp; Fingerprint Unlock, 5000mAh Android Phone Green",$143.99 ,,USD,4.3,90,1,$143.99 ,FALSE,FALSE,TRUE,,FALSE,200+ bought in past month,"FREE delivery Tue, Sep 24",TRUE,,,Save $14.00 with coupon
B09RNBM76R,"SAMSUNG Galaxy XCover6 Pro 5G | Rugged (IP68 Rated) Unlocked (Verizon, AT&amp;T, T-Mobile, US Cellular) | Dual Sim (1 Nano + 1 eSIM) | 128GB | US Version (2022 Model) | Black (SM-G736UZKEXAA)",$124.99 ,$499.99 ,USD,3.9,98,7,$98.99 ,FALSE,FALSE,TRUE,,FALSE,100+ bought in past month,"FREE delivery Tue, Sep 24",FALSE,,,
B0C5B736X3,Samsung Galaxy S23 5G Factory Unlocked 128GB - Phantom Black (Renewed),$379.55 ,,USD,4.1,361,16,$325.05 ,FALSE,FALSE,FALSE,Only 1 left in stock - order soon.,FALSE,500+ bought in past month,"FREE delivery Mon, Sep 23 Only 1 left in stock - order soon.",TRUE,,,
B07Z6Q9NCZ,BLU Advance L5 | 2020 | Long Lasting Battery | Unlocked | 4.0” Display | 16GB | 5MP Camera | US Warranty | Black,,,,3.3,3035,1,,FALSE,FALSE,FALSE,,FALSE,50+ bought in past month,,FALSE,,,
B0D18SMB1X,"SAMSUNG Galaxy Z Fold 6 AI Cell Phone, 512GB Unlocked Android Smartphone, Circle to Search, Handsfree Live Interpreter, AI Photo Edits, Large Screen, 2024,US 1 Yr Manufacturer Warranty, Silver Shadow","$1,614.99 ","$2,019.99 ",USD,4.1,83,10,"$1,583.65 ",FALSE,FALSE,FALSE,Only 5 left in stock - order soon.,TRUE,300+ bought in past month,"FREE delivery Tomorrow, Sep 20 Only 5 left in stock - order soon.",TRUE,,,
B0BCQXY9H8,"Google Pixel 7 Pro - 5G Android Phone - Unlocked Smartphone with Telephoto, Wide Angle Lens, and 24-Hour Battery - 512GB - Snow",$499.95 ,,USD,4.2,2755,4,$485.00 ,FALSE,FALSE,TRUE,,TRUE,50+ bought in past month,"FREE delivery Wed, Sep 25",TRUE,,,
B09ZRTQXQ7,"Samsung Galaxy A13 5G (64GB, 4GB) 6.5&quot; HD+, 50MP Triple Camera, 5000mAh Battery, 5G / 4G Volte (for T-Mobile, Metro, Sprint Only) A136U (Black) (Renewed)",$94.00 ,$179.00 ,USD,4,171,21,$77.67 ,FALSE,FALSE,TRUE,Only 13 left in stock - order soon.,FALSE,100+ bought in past month,"FREE delivery Tue, Sep 24 Only 13 left in stock - order soon.",FALSE,,,
B0CWLJSSSX,"[New] VTech VG131-21 DECT 6.0 2-Handset Cordless Phone - Bluetooth Connection, Blue-White Display, Big Buttons, Full Duplex Speakerphone, Caller ID, Easy Wall Mount, 1000ft Range (Black)",$30.52 ,$32.95 ,USD,4.2,40734,2,$19.99 ,FALSE,FALSE,TRUE,,FALSE,200+ bought in past month,"FREE delivery Tue, Sep 24 on $35 of items shipped by Amazon",FALSE,,,
B08HBPXM97,Kyocera DuraXV Extreme E4810 Verizon Rugged LTE Flip Basic Cell Phone Camera GPS Black- (Renewed),$159.99 ,$199.75 ,USD,3.8,275,7,$125.98 ,FALSE,FALSE,FALSE,,TRUE,100+ bought in past month,"FREE delivery Fri, Sep 27 Or fastest delivery Mon, Sep 23",FALSE,,,
B08H7RJLM2,"Samsung Galaxy S20 Ultra, 128GB, Cosmic Gray - Fully Unlocked (Renewed)",$250.00 ,,USD,4.1,1968,27,$223.95 ,FALSE,FALSE,FALSE,Only 15 left in stock - order soon.,TRUE,400+ bought in past month,"FREE delivery Sat, Sep 21 Only 15 left in stock - order soon.",FALSE,,,
B0CWWC2G6F,Nokia 110 4G | Dual SIM | GSM Unlocked Mobile Phone | Volte | Blue | International Version | Not AT&amp;T/Cricket/Verizon Compatible,$39.99 ,,USD,3.7,31,3,$31.59 ,FALSE,FALSE,TRUE,,FALSE,400+ bought in past month,"FREE delivery Tue, Sep 24",FALSE,,,
B0BKZDZ63C,"Traditional Red Landline Phone, Retro Corded Telephone with Message Indicator, Classic 2500 Analog Desk Phone, Vintage Corded Desk Telephone Large Button, Old Red Telephone Landline for School,Home",$35.97 ,,USD,4.3,192,2,$33.27 ,FALSE,FALSE,TRUE,,FALSE,200+ bought in past month,"FREE delivery Tue, Sep 24",FALSE,,,Save 5% with coupon
B09GBLFSB2,"SAMSUNG Galaxy Z Flip 3 5G Factory Unlocked Android Cell Phone US Version Smartphone Flex Mode Intuitive Camera Compact 128GB Storage US Warranty, Phantom Black (Renewed)",$273.99 ,,USD,3.9,1574,11,$204.99 ,FALSE,FALSE,FALSE,Only 9 left in stock - order soon.,TRUE,200+ bought in past month,"FREE delivery Sat, Sep 21 Only 9 left in stock - order soon.",FALSE,,,
B09MMLPD1L,MOTOROLA Moto ONE 5G UW ACE 64GB Volcanic Grey-(Verizon),$75.05 ,,USD,4,84,3,$50.00 ,FALSE,FALSE,TRUE,,FALSE,200+ bought in past month,"FREE delivery Tue, Sep 24",FALSE,,,
B088BF7ZDL,"AT&amp;T DL72319 DECT 6.0 3-Handset Cordless Phone for Home with Connect to Cell, Call Blocking, 1.8&quot; Backlit Screen, Big Buttons, intercom, and Unsurpassed Range",$76.95 ,,USD,4.2,6801,3,$34.68 ,FALSE,FALSE,TRUE,,FALSE,300+ bought in past month,"FREE delivery Tue, Sep 24",FALSE,,,Save $17.00 with coupon
B09TG89P52,Motorola Edge + |2022| 4800mAh Battery | Unlocked | Made for US 8/512GB | 50MP Camera | Cosmos Blue,$270.74 ,,USD,4.2,1804,3,$192.55 ,FALSE,FALSE,TRUE,,FALSE,100+ bought in past month,"FREE delivery Tue, Sep 24",TRUE,,,
B08L9MY937,Samsung - Galaxy A71 A716U 5G Fully Unlocked 128GB - Prism Cube Black (Renewed),$145.00 ,$166.00 ,USD,4,1769,16,$111.10 ,FALSE,FALSE,TRUE,,TRUE,300+ bought in past month,"FREE delivery Tue, Sep 24",FALSE,,,
B00WHYS81A,"VTech CS6529-3 3-Handset Expandable Cordless Phone with Answering System-Caller ID/Call Waiting &amp; Backlit Display/Keypad, Silver",$65.95 ,,USD,4.3,26175,3,$35.25 ,FALSE,FALSE,TRUE,,FALSE,300+ bought in past month,"FREE delivery Tue, Sep 24",FALSE,,,
B09BM2FZ3M,OnePlus Nord N200 | 5G for T-Mobile U.S Version | 6.49&quot; Full HD+LCD Screen | 90Hz Smooth Display | Large 5000mAh Battery | Fast Charging | 64GB Storage | Triple Camera (T-Mobile) (Renewed),$74.00 ,$84.37 ,USD,4.1,385,16,$70.00 ,FALSE,FALSE,TRUE,,TRUE,500+ bought in past month,"FREE delivery Wed, Sep 25",FALSE,,,
B084HM9YWW,"Apple iPhone 11, US Version, 64GB, Black - T-Mobile (Renewed)",$209.00 ,$222.07 ,USD,4.2,52783,1,$209.00 ,FALSE,FALSE,FALSE,Only 7 left in stock - order soon.,TRUE,100+ bought in past month,"FREE delivery Sat, Sep 21 Or fastest delivery Tomorrow, Sep 20 Only 7 left in stock - order soon.",TRUE,,,
B0764KJ4RK,"AT&amp;T CD4930 Corded Phone with Digital Answering System and Caller ID, Extra-Large Tilt Display &amp; Buttons, Black",$49.85 ,,USD,4.4,13525,3,$17.57 ,FALSE,FALSE,TRUE,,FALSE,400+ bought in past month,"FREE delivery Tue, Sep 24",FALSE,,,
B08KSGND8P,"SAMSUNG Galaxy S10 128GB 6.1&quot; 4G LTE Unlocked, Prism Black (Renewed)",$149.85 ,,USD,4.2,187,14,$139.99 ,FALSE,FALSE,FALSE,Only 3 left in stock - order soon.,TRUE,500+ bought in past month,"FREE delivery Sat, Sep 21 Only 3 left in stock - order soon.",FALSE,,,
B08HKRVZ4W,"Samsung Galaxy Note 20 5G (128GB, 8GB) 6.7&quot; AMOLED+, Snapdragon 865, Global 5G VoLTE (Fully Unlocked for AT&amp;T, Verizon, Sprint, Metro) N981U (Mystic Bronze) (Renewed)",$225.00 ,$598.98 ,USD,4.3,940,19,$190.95 ,FALSE,FALSE,FALSE,,TRUE,400+ bought in past month,"FREE delivery Thu, Sep 26 Or fastest delivery Tomorrow, Sep 20",TRUE,,,
B00FRS8UKM,"VTech CS6719-16 DECT 6.0 Phone with Caller ID/Call Waiting, 1 Cordless Handset, Red",$20.23 ,$21.95 ,USD,4.4,37768,6,$10.99 ,FALSE,FALSE,TRUE,,FALSE,300+ bought in past month,"FREE delivery Tue, Sep 24 on $35 of items shipped by Amazon",FALSE,,,
B0BSQXLQNK,Motorola Moto E13 Dual SIM 64GB ROM + 2GB RAM Factory Unlocked 4G Smartphone (Cosmic Black) - International Version,$89.98 ,,USD,4,575,3,$67.70 ,FALSE,FALSE,FALSE,Only 1 left in stock - order soon.,FALSE,100+ bought in past month,FREE deliveryOnly 1 left in stock - order soon.,FALSE,,,
B0BF8C19NJ,"AT&amp;T EL51303 3 Handset DECT 6.0 Cordless Home Phone Full-Duplex Handset Speakerphone,Backlit Display, Lighted Keypad,Caller ID/Call Waiting,Phonebook, Eco Mode,Voicemail Key,Quiet Mode,Intercom,Silver",$55.04 ,,USD,4.3,17629,3,$29.65 ,FALSE,FALSE,TRUE,,FALSE,700+ bought in past month,"FREE delivery Tue, Sep 24",FALSE,,,
B0CQ88L871,"Nothing Phone (2a) Smartphone Unlocked 5G Android Phone Dimensity 7200 Pro, 50MP Dual Camera, 6.7&#x27;&#x27; AMOLED Display, 5000mAh Battery, NFC (Milk, 12+256GB)",$402.00 ,,USD,4.5,752,11,$359.50 ,FALSE,FALSE,TRUE,Only 10 left in stock - order soon.,FALSE,50+ bought in past month,"FREE delivery Thu, Sep 26 Only 10 left in stock - order soon.",TRUE,,,
B08FRTH1KJ,Samsung S20+128GB Cloud Blue Unlocked (Renewed),$199.99 ,,USD,4.1,3066,23,$169.00 ,FALSE,FALSE,FALSE,Only 6 left in stock - order soon.,TRUE,200+ bought in past month,"FREE delivery Sat, Sep 21 Or fastest delivery Tomorrow, Sep 20 Only 6 left in stock - order soon.",TRUE,,,
B07BZV9DST,"VTech DS6151-2 2 Handset 2-Line Cordless Phone System for Home or Small Business with Digital Answering System &amp; Mailbox on each line, Silver",$96.87 ,$109.95 ,USD,4.1,1173,21,$36.35 ,FALSE,FALSE,TRUE,,FALSE,600+ bought in past month,"FREE delivery Fri, Sep 27",FALSE,,,
B0BZK41SXZ,"Panasonic Cordless Phone with Advanced Call Block, Bilingual Caller ID and Easy to Read Large High-Contrast Display, Expandable System with 3 Handsets - KX-TGD813B (Black)",$79.99 ,,USD,4.3,833,3,$37.25 ,FALSE,FALSE,TRUE,,FALSE,300+ bought in past month,"FREE delivery Tue, Sep 24",FALSE,,,
B0CMPLN52T,"Apple iPhone 15, 128GB, Pink - Unlocked (Renewed)",$620.05 ,$661.99 ,USD,4.4,566,21,$615.99 ,FALSE,FALSE,FALSE,Only 1 left in stock - order soon.,FALSE,200+ bought in past month,FREE delivery Sep 24 - 25 Only 1 left in stock - order soon.,TRUE,,,
B0CCT2VXHC,"TracFone Nokia 2760 Flip, 4GB, Black - Prepaid Feature Phone (Locked) (Renewed)",$14.99 ,,USD,3.7,60,1,$14.99 ,FALSE,FALSE,TRUE,,FALSE,500+ bought in past month,"FREE delivery Tue, Sep 24 on $35 of items shipped by Amazon",FALSE,,,
B08CFSZLQ4,Google Pixel 4a - Unlocked Android Smartphone - 128 GB of Storage - Up to 24 Hour Battery - Just Black,$159.99 ,$179.99 ,USD,4.5,10417,15,$149.99 ,FALSE,FALSE,FALSE,,TRUE,200+ bought in past month,"FREE delivery Sep 23 - 24 Or fastest delivery Tomorrow, Sep 20",TRUE,,,
B0CZ9SYQGY,"Panasonic Cordless Phone, Easy to Use with Large Display and Big Buttons, Flashing Favorites Key, Built in Flashlight, Call Block, Volume Boost, Talking Caller ID, 2 Cordless Handsets - KX-TGU432W",$69.99 ,,USD,4.3,434,4,$48.03 ,FALSE,FALSE,TRUE,,FALSE,400+ bought in past month,"FREE delivery Tue, Sep 24",FALSE,,,
B09BFRV59N,"SAMSUNG Galaxy S21 FE 5G Cell Phone, Factory Unlocked Android Smartphone, 128GB, 120Hz Display Screen, Pro Grade Camera, All Day Intelligent Battery, US Version, 2022, White",$319.95 ,$348.28 ,USD,4.5,14909,1,$319.95 ,FALSE,FALSE,TRUE,Only 4 left in stock - order soon.,TRUE,200+ bought in past month,"FREE delivery Thu, Sep 26 Only 4 left in stock - order soon.",TRUE,,,
B08Y727NMK,"OnePlus 9 Winter Mist, 5G Unlocked Android Smartphone U.S Version, 8GB RAM+128GB Storage, 120Hz Fluid Display, Hasselblad Triple Camera, 65W Ultra Fast Charge, 15W Wireless Charge, with Alexa Built-in",$188.89 ,$599.99 ,USD,4.2,1039,1,$188.89 ,FALSE,FALSE,TRUE,,FALSE,200+ bought in past month,"FREE delivery Thu, Sep 26",TRUE,,,
B09Q7JLN13,SIMBROS Radiant Core Phone At&amp;t Unlocked u304aa 4g 5.5in 16GB Smart Phone simkey -Unlocked to Work on All GSM Carriers Like At&amp;t T-Mobile &amp; Cricket -Not for Verizon,$39.99 ,$49.99 ,USD,3,58,1,$39.99 ,FALSE,FALSE,TRUE,,TRUE,50+ bought in past month,"FREE delivery Tue, Sep 24",FALSE,,,
B0CL7RDZXD,"BLU C5 Max | Unlocked | 5.7” HD+ Display | 5MP Camera | (Red, 32GB)",$54.99 ,,USD,3.3,679,2,$44.99 ,FALSE,FALSE,TRUE,,FALSE,100+ bought in past month,"FREE delivery Tue, Sep 24",TRUE,,,
B0D9927L49,Motorola Moto G Power 5G | 2023 | Unlocked | Made for US 4/128GB | 50 MPCamera | Mineral Black,$144.99 ,,USD,3.5,11,6,$143.54 ,FALSE,FALSE,TRUE,,FALSE,500+ bought in past month,"FREE delivery Tue, Sep 24",FALSE,,,
B0C2G7GQ6H,Samsung Galaxy A54 5G 256GB + 8GB Unlocked Worldwide Dual Sim 6.4&quot; 120Hz 50MP Triple Cam - (Black),$379.50 ,,USD,4,380,3,$319.99 ,FALSE,FALSE,TRUE,,TRUE,400+ bought in past month,"FREE delivery Fri, Sep 27",FALSE,,,
B01LZV2HVG,"Panasonic Amplified Cordless Phone with Slow Talk, 40dB Volume Boost, 100dB Loud Visual Ringer, Hearing Aid Compatibility, Large Screen and Backlit Keypad - KX-TGM420W - 1 Handset (White)",$103.76 ,$119.99 ,USD,4.3,1452,25,$49.99 ,FALSE,FALSE,TRUE,,FALSE,300+ bought in past month,"FREE delivery Tue, Sep 24",FALSE,,,
B00V5ZJXNE,PANASONIC Corded/Cordless Phone System with Answering Machine and One Touch Call Blocking – 3 Handsets - KX-TGF353N (Champagne Gold),$139.95 ,,USD,4.4,2038,4,$92.89 ,FALSE,FALSE,TRUE,,FALSE,100+ bought in past month,"FREE delivery Tue, Sep 24",FALSE,,,
B07D2BHBYR,"AT&amp;T CL84107 DECT 6.0 Expandable Corded/Cordless Phone with Smart Call Blocker, Black/Silver with 1 Handset",$76.95 ,$88.14 ,USD,4.4,5154,5,$32.95 ,FALSE,FALSE,TRUE,,FALSE,200+ bought in past month,"FREE delivery Tue, Sep 24",FALSE,,,
B088XZFKJ5,Samsung Galaxy A20 32GB 6.4&quot; Display A205U Black Unlocked Smartphone (Renewed),$91.75 ,$199.95 ,USD,3.9,641,17,$56.10 ,FALSE,FALSE,FALSE,Only 3 left in stock - order soon.,TRUE,100+ bought in past month,"FREE delivery Sat, Sep 21 Only 3 left in stock - order soon.",FALSE,,,
B0CBNLS6BD,"Motorola Moto G Stylus | 2022 | 2-Day Battery | Unlocked | Made for US 4/128GB | 50MP Camera | Twilight Blue | 4G RAM, 4G/3G cellular technology",$169.99 ,,USD,4.3,1240,7,$74.63 ,FALSE,FALSE,TRUE,,FALSE,200+ bought in past month,"FREE delivery Wed, Sep 25",FALSE,,,
B07H8PXT7K,"Samsung Galaxy Note 9, 128GB, Lavender Purple - Unlocked (Renewed)",$183.00 ,$198.00 ,USD,4.3,3281,6,$156.00 ,FALSE,FALSE,FALSE,,TRUE,100+ bought in past month,FREE delivery Sep 24 - 26 Or fastest delivery Sep 23 - 25,FALSE,,,
B0D1ZFS9GH,Moto G Stylus 5G | 2024 | Unlocked | Made for US 8/256GB | 50MP Camera | Caramel Latte,$349.99 ,$399.99 ,USD,4.3,55,3,$335.72 ,FALSE,FALSE,TRUE,,FALSE,400+ bought in past month,"FREE delivery Tue, Sep 24",FALSE,,,
B08HHT4XTS,"Samsung Electronics Galaxy Note 20 Ultra 5G Factory Unlocked Android Cell Phone | US Version | 128GB of Storage | Mobile Gaming Smartphone | Mystic Bronze, SM-N986UZNAXAA (Renewed)",$344.00 ,,USD,4.1,1866,22,$294.00 ,FALSE,FALSE,TRUE,Only 5 left in stock - order soon.,TRUE,400+ bought in past month,"FREE delivery Thu, Sep 26 Only 5 left in stock - order soon.",TRUE,,,
B0CMDKX76Q,"SAMSUNG Galaxy S24 Cell Phone, 256GB AI Smartphone, Unlocked Android, 50MP Camera, Fastest Processor, Long Battery Life, US Version, 2024, Amber Yellow",$859.99 ,,USD,4.4,424,1,$859.99 ,FALSE,FALSE,TRUE,,TRUE,50+ bought in past month,"FREE delivery Tue, Sep 24",FALSE,,,
B0DCVTQBHL,"Magnetic for iPhone 16 Case,[Compatible with MagSafe][Military Grade Drop Protection] Anti-Fingerprint Translucent Matte Shockproof Protective Case for iPhone 16 Phone Case 6.1&quot;,Deep Purple",$21.99 ,,USD,5,2,1,$21.99 ,FALSE,FALSE,TRUE,,FALSE,,"FREE delivery Fri, Sep 27 on $35 of items shipped by Amazon",FALSE,,,Save 15% with coupon
B0CKXNCDXY,"CAT S62 Rugged Cell Phone Unlocked (128GB, 4GB) 5.7&quot; IP68 Waterproof Android Smartphone, 12MP Dual Camera, All Day Battery, NFC, Fingerprint Unlock, Snapdragon 660 Nano Slot(Black) New",$169.00 ,,USD,3.5,124,4,$119.99 ,FALSE,FALSE,TRUE,Only 14 left in stock - order soon.,FALSE,100+ bought in past month,"FREE delivery Tue, Sep 24 Only 14 left in stock - order soon.",FALSE,,,
B0CHN7M531,"OnePlus Open, 16GB RAM+512GB, Dual-SIM, Voyager Black, US Factory Unlocked Android Smartphone, 4805 mAh Battery, 67W Fast Charging, Hasselblad Camera, 120Hz Fluid Display","$1,299.99 ","$1,699.99 ",USD,4.1,218,4,"$1,138.07 ",FALSE,FALSE,TRUE,,FALSE,200+ bought in past month,"FREE delivery Tue, Sep 24",TRUE,,,
B0CHDSGLCF,"NUU A15 Cell Phone 4GB + 128GB, Unlocked for Mint, Metro, T-Mobile, Qlink and More, Perfect for Teenagers, Dual SIM 4G, Octa-Core Helio G36 2.2GHz 6.5&quot; HD+, Android 13, Purple, US Warranty",$119.99 ,,USD,4,210,1,$119.99 ,FALSE,FALSE,TRUE,,FALSE,100+ bought in past month,"FREE delivery Tue, Sep 24",TRUE,,,Save $10.00 with coupon
B0CLHHNWZQ,Samsung Galaxy S23 FE S711B 256GB Dual SIM GSM Unlocked Android Smartphone - Graphite,$473.50 ,,USD,4.2,99,1,$473.50 ,FALSE,FALSE,FALSE,Only 3 left in stock - order soon.,FALSE,50+ bought in past month,"FREE delivery Sep 24 - 26 Or fastest delivery Tomorrow, Sep 20 Only 3 left in stock - order soon.",TRUE,,,
B00NCUVOB4,"Panasonic 2-Line Corded/Cordless Phone System with 2 Handsets - Answering Machine, Link2Cell, 3-Way Conference, Call Block, Long Range DECT 6.0, Bluetooth - KX-TG9582B (Black)",$229.00 ,,USD,4.1,1018,8,$135.62 ,FALSE,FALSE,TRUE,,FALSE,300+ bought in past month,"FREE delivery Tue, Sep 24",FALSE,,,
B0DCQX683H,"Motorola One 5G UW Ace (64GB, 4GB) 6.7&quot;, Snapdragon 750G, 5000mAh Battery (US Model Only for Verizon, Visable, Straight Talk, Total, Xfinity) XT21131PP (w/Fast Charger, Volcanic Grey)",$69.99 ,,USD,,0,2,$68.49 ,FALSE,FALSE,FALSE,,FALSE,More Buying Choices,FREE delivery,FALSE,,,
B0CJCVV96Z,Nokia C2 2E | Android 11 (Go Edition) | Unlocked Smartphone | All Day Battery | Dual SIM | 2/32GB | 5.7-Inch Screen | International Version | Blue,$59.99 ,,USD,3.2,18,2,$59.39 ,FALSE,FALSE,TRUE,,FALSE,50+ bought in past month,"FREE delivery Tue, Sep 24",FALSE,,,
B0CCSF3WML,Straight Talk Apple iPhone 7 32GB - Silver,$83.00 ,$98.99 ,USD,3.8,67,4,$82.17 ,FALSE,FALSE,FALSE,,FALSE,200+ bought in past month,FREE delivery Sep 24 - 26 Or fastest delivery Sep 23 - 25,FALSE,,,
B0CCT22SDM,"Total by Verizon Samsung Galaxy A14 5G, 64GB, Black - Prepaid Smartphone (Locked)",$69.99 ,,USD,4.1,161,1,$69.99 ,FALSE,FALSE,TRUE,Only 13 left in stock (more on the way).,FALSE,300+ bought in past month,"FREE delivery Thu, Sep 26 Or fastest delivery Tue, Sep 24 Only 13 left in stock (more on the way).",FALSE,,,
B07TWYLQM7,"Apple iPhone SE, 32GB Gray Unlocked 1st Gen 2016 ATT Tmobile",$99.99 ,,USD,3.6,232,1,$99.99 ,FALSE,FALSE,FALSE,,TRUE,100+ bought in past month,FREE delivery Sep 24 - 26 Or fastest delivery Sep 23 - 25,FALSE,,,
B0D7SBL8PJ,X40 Unlocked 5G Cell Phones 2024 Android 13 Mobile Phones With 24MP+50MP Camera 8GB+256GB 8-Core Smartphone 6.7&quot; HD Screen 6200 mAh Long Battery smartphone Dual SIM Adnroid phone(Elegant black),$99.99 ,,USD,5,4,1,$99.99 ,FALSE,FALSE,FALSE,,FALSE,50+ bought in past month,FREE delivery,TRUE,,,
B09V1NGFN4,SAMSUNG Galaxy S22 128 GB Green,$235.90 ,$250.00 ,USD,4,807,27,$199.50 ,FALSE,FALSE,FALSE,,TRUE,400+ bought in past month,"FREE delivery Tue, Sep 24 Or fastest delivery Sat, Sep 21",TRUE,,,
B0CHH6QWS1,Simple Mobile | Motorola Moto g Pure | Locked | 32GB | 4000 mAh Battery | 13 MP Dual Camera System | 6.5&quot; Max Vision HD+ Display | Blue,$49.99 ,,USD,4.2,248,1,$49.99 ,FALSE,FALSE,TRUE,,FALSE,100+ bought in past month,"FREE delivery Tue, Sep 24",FALSE,,,
B06X1B444W,"VTech Connect to Cell DS6771-3 DECT 6.0 Cordless Phone - Black, Silver, 6.9&quot; x 4&quot; x 6.6&quot;",$98.25 ,$109.99 ,USD,4.1,2542,25,$34.63 ,FALSE,FALSE,TRUE,,FALSE,200+ bought in past month,"FREE delivery Tue, Sep 24",FALSE,,,
B01K5N4QEM,Panasonic Expandable Cordless Phone System with Amber Backlit Display and Call Block – 1 Handset – KX-TGC350B (Black),$31.49 ,$34.99 ,USD,4.3,2060,21,$14.19 ,FALSE,FALSE,TRUE,,FALSE,100+ bought in past month,"FREE delivery Tue, Sep 24 on $35 of items shipped by Amazon",FALSE,,,
B0929127RH,"VTech IS8121-3 Super Long Range up to 2300 Feet DECT 6.0 Bluetooth 3 Handset Cordless Phone for Home with Answering Machine, Call Blocking, Connect to Cell, Intercom and Expandable to 5 Handsets",$76.56 ,$80.58 ,USD,4.2,4051,3,$48.26 ,FALSE,FALSE,TRUE,,FALSE,300+ bought in past month,"FREE delivery Tue, Sep 24",FALSE,,,
B0CMDRFVTL,"SAMSUNG Galaxy S24 Cell Phone, 256GB AI Smartphone, Unlocked Android, 50MP Camera, Fastest Processor, Long Battery Life, US Version, 2024, Cobalt Violet",$859.99 ,,USD,4.4,424,1,$859.99 ,FALSE,FALSE,TRUE,,TRUE,100+ bought in past month,"FREE delivery Tue, Sep 24",FALSE,,,
B0DDMGMZY1,"TEAM LUXURY for iPhone 15 Case, [Military Grade Protection] Scratch-Resistant Back, Shockproof Phone Case for iPhone 15 6.1” (Black/Black)",$7.99 ,,USD,4.8,20,1,$7.99 ,FALSE,FALSE,TRUE,,TRUE,50+ bought in past month,"FREE delivery Tue, Sep 24 on $35 of items shipped by Amazon",FALSE,,,
B0CHYBX2L4,"Blackview Rugged Smartphone Unlocked, 2023 BV6200 Rugged Phones, 13000mAh Battery 18W Fast Charge, Android 13, 8GB+64GB/2TB Expand, Waterproof Mobile Phones, Three Card Slots, 6.56&quot; Display, T-Mobile",$169.99 ,$199.99 ,USD,4.1,214,1,$169.99 ,FALSE,FALSE,TRUE,Only 16 left in stock - order soon.,FALSE,50+ bought in past month,"FREE delivery Tue, Sep 24 Only 16 left in stock - order soon.",FALSE,,,
B0858974Q2,SAMSUNG Galaxy A10e GSM Unlocked (not CDMA) 32GB Smartphone - Black (Renewed),$69.00 ,$74.99 ,USD,3.8,1199,16,$67.69 ,FALSE,FALSE,FALSE,Only 13 left in stock - order soon.,TRUE,50+ bought in past month,"FREE delivery Sat, Sep 21 Only 13 left in stock - order soon.",TRUE,,,
B0757B9VFG,"VTech AM18447 Main Console 4-Line Expandable Small Business Office Phone System with Answering Machine, Intercom, Auto Attendant &amp; Music on Hold , Black",$149.95 ,$164.95 ,USD,4.3,1161,6,$55.94 ,FALSE,FALSE,TRUE,,FALSE,300+ bought in past month,"FREE delivery Thu, Sep 26 Or fastest delivery Tue, Sep 24",FALSE,,,
B0D6YWSJ1B,"DOOGEE Blade 10 Ultra Rugged Smartphone, 20GB RAM+256GB ROM Rugged Phone Unlocked Android 14,6.56&#x27;&#x27;90Hz Display,50MP Camera, IP68/IP69K Waterproof Phones, Face ID/NFC/GPS/OTG",$279.99 ,,USD,5,14,1,$279.99 ,FALSE,FALSE,TRUE,,FALSE,50+ bought in past month,"FREE delivery Tue, Sep 24",FALSE,,,
B08GPJYY54,"VTech VS113-5 Extended Range 5 Handset Cordless Phone for Home with Call Blocking, Connect to Cell Bluetooth, 2&quot; Backlit Screen, Big Buttons, and Answering System, Silver &amp; Black",$119.95 ,$142.95 ,USD,4,1910,2,$75.26 ,FALSE,FALSE,TRUE,,FALSE,100+ bought in past month,"FREE delivery Tue, Sep 24",FALSE,,,Save $10.00 with coupon
B0CKXL587M,"CAT S22 Rugged Flip Phone (16GB) 2.8&quot; Touchscreen Smart Cell Phone Android 11, IP68 Water Resistant, T-Mobile 4G LTE GSM Single Nano Slot,Compatible with T-Mobile(New)",$64.89 ,,USD,3.7,402,1,$64.89 ,FALSE,FALSE,TRUE,,FALSE,500+ bought in past month,"FREE delivery Tue, Sep 24",FALSE,,,
B003BNY7QG,"AT&amp;T ML17939 2-Line Corded Telephone with Digital Answering System and Caller ID/Call Waiting, Black/Silver",$70.32 ,$87.95 ,USD,4.3,1082,83,$40.32 ,FALSE,FALSE,TRUE,,FALSE,200+ bought in past month,"FREE delivery Tue, Sep 24",FALSE,,,
B07MQVW2T6,Prepaid At&amp;T Axia 4G LTE 16GB Android 8.1 LCD 5.5&quot;,$39.99 ,,USD,3.4,362,9,$28.73 ,FALSE,FALSE,TRUE,Only 2 left in stock - order soon.,FALSE,50+ bought in past month,"FREE delivery Fri, Sep 27 Only 2 left in stock - order soon.",FALSE,,,
B09DDCGFGJ,"Panasonic Cordless Phone System, Expandable Home Phone with Call Blocking, Bilingual Caller ID and High-Contrast Display, 1 Handset - KX-TGD610B (Black)",$34.49 ,,USD,4.3,5343,12,$17.24 ,FALSE,FALSE,TRUE,,FALSE,100+ bought in past month,"FREE delivery Tue, Sep 24 on $35 of items shipped by Amazon",FALSE,,,
B08H85VZNX,"Google Pixel 4a Smartphone, 128GB Storage &amp; Unlocked Cellular - Just Black (Renewed)",$130.00 ,$159.99 ,USD,4,1204,11,$109.85 ,FALSE,FALSE,FALSE,Only 2 left in stock - order soon.,TRUE,50+ bought in past month,"FREE delivery Sat, Sep 21 Or fastest delivery Tomorrow, Sep 20 Only 2 left in stock - order soon.",FALSE,,,
B0CJB9FW71,BLU G73 | 2023 | 3-Day Battery | Unlocked | 6.8” HD+ Infinity Display | 128/6GB | Triple 50MP Camera | US Version | US Warranty | Blue,$114.99 ,,USD,3.9,165,4,$40.00 ,FALSE,FALSE,TRUE,,FALSE,More Buying Choices,"FREE delivery Thu, Sep 26",TRUE,,,
B09R6FJWWS,"SAMSUNG Galaxy A53 5G A Series Cell Phone, Factory Unlocked Android Smartphone, 128GB, 6.5” FHD Super AMOLED Screen, Long Battery Life, US Version, Black",,,,4.3,4495,1,,FALSE,FALSE,FALSE,,TRUE,,,FALSE,,,
B007P8DMBE,"AT&amp;T TL88102 DECT 6.0 2-Line Expandable Cordless Phone with Answering System and Dual Caller ID/Call Waiting, 1 Handset, Silver/Black",$95.53 ,$119.95 ,USD,4.1,836,49,$38.11 ,FALSE,FALSE,TRUE,,FALSE,100+ bought in past month,"FREE delivery Tue, Sep 24",FALSE,,,
B07X4B9G32,Moto Z4 - For Verizon - 128 GB - Flash Gray (Renewed),$80.29 ,$94.79 ,USD,4.2,795,8,$64.57 ,FALSE,FALSE,FALSE,Only 19 left in stock - order soon.,TRUE,100+ bought in past month,"FREE delivery Fri, Sep 27 Or fastest delivery Tomorrow, Sep 20 Only 19 left in stock - order soon.",FALSE,,,
B08HVXC89J,LIVELY Jitterbug Flip2 - Flip Cell Phone for Seniors - Not Compatible with Other Wireless Carriers- Must Be Activated Phone Plan- Graphite,$47.99 ,$79.99 ,USD,4,3219,11,$44.34 ,FALSE,FALSE,TRUE,,FALSE,300+ bought in past month,"FREE delivery Tue, Sep 24",TRUE,,,
B09X7G4FT4,"Tracfone Samsung Galaxy A13 5G, 64GB, Black - Prepaid Smartphone (Locked)",$159.99 ,,USD,4.3,860,2,$72.76 ,FALSE,FALSE,TRUE,Only 11 left in stock - order soon.,FALSE,100+ bought in past month,"FREE delivery Tue, Sep 24 Only 11 left in stock - order soon.",FALSE,,,
B0D485PQTD,"SAMSUNG Galaxy A05s (SM-A057M/DS), 128GB 4GB RAM, Dual SIM, Factory Unlocked GSM, International Version (Case Bundle) (Light Violet)",$125.00 ,,USD,5,1,1,$125.00 ,FALSE,FALSE,TRUE,,FALSE,,"FREE delivery Tue, Sep 24",TRUE,,,
B08FRS3R32,"SAMSUNG Galaxy S20+ Plus 5G Factory Unlocked Android Cell Phone SM-G986U US Version | 128GB | Fingerprint ID &amp; Facial Recognition | Long-Lasting Battery (Cosmic Black, 128GB)",$249.70 ,$349.00 ,USD,3.7,305,8,$213.91 ,FALSE,FALSE,TRUE,Only 1 left in stock - order soon.,FALSE,200+ bought in past month,"FREE delivery Tue, Sep 24 Only 1 left in stock - order soon.",TRUE,,,
B0D7ZWSVGB,"CMF Phone 1 8+256GB - Unlocked Smartphone with 50 MP Rear Camera with Ultra XDR, 6,67&quot; Super AMOLED Display and Nothing OS 2.6 - Light Green",$289.00 ,,USD,4.2,9,1,$289.00 ,FALSE,FALSE,TRUE,,FALSE,100+ bought in past month,"FREE delivery Tue, Sep 24",TRUE,,,
B0845ZVJW3,"Samsung Galaxy Note 10+, 256GB, Aura Black - Fully Unlocked (Renewed)",$264.95 ,$299.99 ,USD,4.2,2949,14,$217.95 ,FALSE,FALSE,FALSE,Only 2 left in stock - order soon.,TRUE,200+ bought in past month,"FREE delivery Sat, Sep 21 Only 2 left in stock - order soon.",FALSE,,,
B09KMH4G81,Samsung Galaxy A42 5G 128GB Prism Dot Black for Verizon (Renewed),$124.00 ,,USD,4.1,341,6,$80.00 ,FALSE,FALSE,FALSE,Only 2 left in stock - order soon.,TRUE,50+ bought in past month,"FREE delivery Sep 24 - 26 Or fastest delivery Sat, Sep 21 Only 2 left in stock - order soon.",FALSE,,,
B0D19B2D19,"SAMSUNG Galaxy Z Flip 6 AI Cell Phone, 512GB Unlocked Android Smartphone, FlexCam, Photo Assist, Camcorder Mode, Live Interpreter, Foldable Design, 2024, US 1 Yr Manufacturer Warranty, Silver Shadow",$944.96 ,"$1,219.99 ",USD,4.2,93,8,$899.99 ,FALSE,FALSE,FALSE,,TRUE,300+ bought in past month,"FREE delivery Sep 23 - 24 Or fastest delivery Tomorrow, Sep 20",TRUE,,,
B08R61G69Q,"Google Pixel 4a with 5G, 6.2&quot;, 128GB, 6GB RAM, Unlocked Cellular - Just Black (Renewed)",$135.00 ,$159.00 ,USD,3.8,866,10,$128.95 ,FALSE,FALSE,FALSE,Only 4 left in stock - order soon.,TRUE,100+ bought in past month,"FREE delivery Sat, Sep 21 Only 4 left in stock - order soon.",FALSE,,,
B0CHLFVL28,Motorola Moto G Stylus 5G/ 128GB Stainless Steel Blue W/ 50MP Camera- Verizon (Renewed),$113.87 ,,USD,3.6,21,11,$95.09 ,FALSE,FALSE,FALSE,Only 7 left in stock - order soon.,FALSE,More Buying Choices,"FREE delivery Sep 25 - 27 Or fastest delivery Tomorrow, Sep 20 Only 7 left in stock - order soon.",FALSE,,,
B07R5CJDD7,Google - Pixel 3a X-Large with 64GB Memory Cell Phone (Unlocked) - Just Black (G020C),$139.99 ,$479.00 ,USD,4.3,4559,20,$109.90 ,FALSE,FALSE,TRUE,,FALSE,List: ,"FREE delivery Tue, Sep 24",TRUE,,,
B0BDY7QHXS,"Apple iPhone SE 3rd Gen, 64GB, Midnight - T-Mobile (Renewed)",$197.00 ,,USD,4.3,1827,15,$177.95 ,FALSE,FALSE,FALSE,,FALSE,50+ bought in past month,"FREE delivery Tomorrow, Sep 20",TRUE,,,
B0CZRJMN8G,"Big Button Phone for Seniors, Corded Landline Telephone with Handsfree Function and 9 Groups of Memory, One-Touch Dialling,Suitable People with Vision Disorders/Hearing Damage (EX-LD-858HF)",$29.99 ,,USD,4.5,25,1,$29.99 ,FALSE,FALSE,TRUE,,FALSE,300+ bought in past month,"FREE delivery Tue, Sep 24 on $35 of items shipped by Amazon",FALSE,,,Save 5% with coupon
B086H3HH5V,Moto E | Unlocked | Made for US by Motorola | 2/32GB | 13MP Camera | 2020 | Blue,$107.99 ,$119.99 ,USD,4.4,16748,4,$61.03 ,FALSE,FALSE,TRUE,,FALSE,Typical: ,"FREE delivery Thu, Sep 26",TRUE,,,
B0CGVM1TBK,"Landline Phone, Big Button Phone for Seniors, Telephone Can One-Touch Dialling with 9 Piction, Suitable for People with Vision Disorders/Hearing Damage, Corded Phone Can Be Used for Home, Office",$29.99 ,,USD,4,148,2,$28.95 ,FALSE,FALSE,TRUE,,FALSE,300+ bought in past month,"FREE delivery Tue, Sep 24 on $35 of items shipped by Amazon",FALSE,,,Save 5% with coupon
B008UZE0IU,"VTech CD1113 Corded Phone for Home Office - Easy-to-Use Telephone with Caller ID/Call Waiting, 13 Speed Dial Keys, No AC Power Required, Flash, Volume Control, Hearing Aid Compatible,Wall-mount, Black",$22.40 ,$23.86 ,USD,4.1,1742,15,$14.80 ,FALSE,FALSE,TRUE,,FALSE,100+ bought in past month,"FREE delivery Tue, Sep 24 on $35 of items shipped by Amazon",FALSE,,,
B084CVPLLC,Moto G stylus | 2020 | Unlocked | Made for US by Motorola | 4/128GB | 48MP Camera | Indigo,$149.99 ,$179.99 ,USD,4.4,6645,5,$89.95 ,FALSE,FALSE,TRUE,,FALSE,Typical: ,"FREE delivery Fri, Sep 27",TRUE,,,
B00BLVLHEU,VTech CS6629 Dect 6.0 1-Handset Cordless Answering System,$38.58 ,,USD,4.4,2145,24,$17.63 ,FALSE,FALSE,TRUE,,FALSE,100+ bought in past month,"FREE delivery Tue, Sep 24",FALSE,,,
B004KQDBKG,"Panasonic KX-TS880B Integrated Corded Telephone,Black",$55.00 ,$59.99 ,USD,3.9,862,3,$16.41 ,FALSE,FALSE,TRUE,,FALSE,50+ bought in past month,"FREE delivery Tue, Sep 24",FALSE,,,
B0C6SLFZ1T,"Corded Phone for Home, Durable landline Phone with Large Buttons for Seniors, Versatile Mini Phone for The Home, Office, and More (Black)",$13.98 ,,USD,3.6,314,1,$13.98 ,FALSE,FALSE,TRUE,,FALSE,200+ bought in past month,"FREE delivery Tue, Sep 24 on $35 of items shipped by Amazon",FALSE,,,
B09MMJWHDX,TCL Flip Pro Slate Gray Basic Flip Phone (Verizon),$41.00 ,,USD,3,105,6,$34.48 ,FALSE,FALSE,FALSE,,FALSE,200+ bought in past month,FREE delivery Sep 24 - 26 Or fastest delivery Sep 23 - 25,FALSE,,,
B08M46Q3C1,"Panasonic Office Phone System, Corded Base Station with 4-Lines Expandable with Up to 10 Compatible Panasonic Business Phones Wirelessly - KX-TGW420B (Black)",$146.29 ,$169.99 ,USD,3.8,136,23,$61.19 ,FALSE,FALSE,TRUE,,FALSE,100+ bought in past month,"FREE delivery Tue, Sep 24",FALSE,,,
B0BQZP5XQP,"Old Style Wall Phone-Freely Adjust The Volume Landline Phone, Classic Retro Design Landline Phones for Home, Wall Phones for Landline, Suitable for Living Room, School, Home, Office(Black)",$9.99 ,,USD,3.4,349,1,$9.99 ,FALSE,FALSE,TRUE,,FALSE,200+ bought in past month,"FREE delivery Tue, Sep 24 on $35 of items shipped by Amazon",FALSE,,,
B0CSDWT13K,Xiaomi Redmi Note 13 4G LTE (256GB + 8GB) 6.67&quot; 108MP Triple (Tmobile Mint Tello Global) Global Bands Unlocked + (Fast Car Dual Charger Bundle) (MidnightBlack Global ROM),$159.69 ,$169.99 ,USD,4.4,155,1,$159.69 ,FALSE,FALSE,TRUE,,FALSE,300+ bought in past month,"FREE delivery Tue, Sep 24",TRUE,,,
B0D5GJ5RFH,X3 2024 New Cheap 4G LTE GSM Unlocked Android Phones 6.0” Cell Phone 3000mAh Android Phone 8MP Smartphone 16GB Dual SIM (for T-Mobile Metro Mint Tello USA Market) Face Unlocked (Gold),$59.99 ,,USD,1.6,4,1,$59.99 ,FALSE,FALSE,TRUE,,FALSE,50+ bought in past month,"FREE delivery Tue, Sep 24",FALSE,,,Save 10% with coupon
B0B7KNC1CM,"SMPL Big Button Phone for Seniors, Simple Corded Landline &amp; VOIP Home Telephone for Elderly, Handicap, Alzheimer’s, Dementia, Hearing Impaired 56011",$64.99 ,,USD,4.1,1952,1,$64.99 ,FALSE,FALSE,TRUE,,FALSE,50+ bought in past month,"FREE delivery Tue, Sep 24",FALSE,,,
B001TK3DLS,"AT&amp;T TR1909B Trimline Corded Phone with Caller ID, Black",$23.04 ,,USD,4.1,2406,45,$13.73 ,FALSE,FALSE,TRUE,,FALSE,100+ bought in past month,"FREE delivery Tue, Sep 24 on $35 of items shipped by Amazon",FALSE,,,
B0CQPBKCNH,"Hellobaby DECT 6.0 Cordless Phone with 2 Handsets, Reliable 1000 ft Range, Cordless Home Phone with Caller ID/Call Waiting, Call Block, Phones Landline Cordless with Blue Backlit Display, HB2688-2",$27.99 ,$37.99 ,USD,3.9,178,3,$25.93 ,FALSE,FALSE,TRUE,,FALSE,200+ bought in past month,"FREE delivery Tue, Sep 24 on $35 of items shipped by Amazon",FALSE,,,Save 18% with coupon
B0CH9P3HYW,"VTech IS8251 Business Grade Expandable Cordless Phone for Home Office, 5&quot; Color Display, Programmable Short Cut Keys, Smart Call Blocking, Answering System, Bluetooth Connect to Cell",$89.95 ,$109.95 ,USD,4.2,918,2,$56.58 ,FALSE,FALSE,TRUE,,FALSE,List: ,"FREE delivery Tue, Sep 24",FALSE,,,
B07DVTRK72,"Y043 Corded Landline Telephone for Home, Caller ID/Call Waiting, Easy-to-Use, Speaker, Display, Desk Phone Only (Off-White)",$18.98 ,$29.98 ,USD,3.8,1235,1,$18.98 ,FALSE,FALSE,TRUE,,FALSE,100+ bought in past month,"FREE delivery Tue, Sep 24 on $35 of items shipped by Amazon",FALSE,,,
B0D749T6DG,"Gabb Phone 4 Pro The Safe Phone Built for Teens - No Social Media/Internet, GPS Tracking, Parental Controls, Talk &amp; Text, Safe Messaging, Safe Video Calls, 30 Activation Fee",$199.99 ,,USD,4.5,29,1,$199.99 ,FALSE,FALSE,TRUE,,TRUE,50+ bought in past month,"FREE delivery Tue, Sep 24",FALSE,,,
B0CK2RLX1N,"Motorola Edge + Plus | 2022 | US Version| 5G Smartphone with Android 12.0 | 8 GB Memory | 50MP Camera | 4800mAh, More Than All Day Battery Life | Unlocked Phone | (128GB | Cosmos Blue) (Renewed)",$184.95 ,$219.00 ,USD,4,69,1,$184.95 ,FALSE,FALSE,FALSE,Only 1 left in stock - order soon.,FALSE,Typical price: ,"FREE delivery Sep 25 - 27 Or fastest delivery Tomorrow, Sep 20 Only 1 left in stock - order soon.",TRUE,,,
B0CJ7VVD3X,X1 2024 New 4G LTE GSM Unlocked Cell Phone 6.5” HD+ Screen Mobile Phones 4000mAh Android 10 Smart phone 16MP Smartphone Dual SIM (For T-mobile Metro Mint Tello USA Market) Face Unlock (Black),$68.99 ,,USD,3.2,36,1,$68.99 ,FALSE,FALSE,TRUE,,FALSE,50+ bought in past month,"FREE delivery Tue, Sep 24",FALSE,,,Save 5% with coupon
B09SM6GR4B,Moto G Power | 2022 | 3-Day Battery | Unlocked | Made for US by Motorola | 4/128GB | 50 MP Camera | Ice Blue,$179.99 ,,USD,4.2,2671,9,$79.99 ,FALSE,FALSE,FALSE,,FALSE,More Buying Choices,FREE delivery,TRUE,,,
B0016ALH32,"XL88Q - Easy to Use One-Piece Telephone with Ring/in-Use Light Indicator, Extra Loud-Extra Clear Volume Boost, for Busy Settings, Elderly &amp; Teenagers, Corded Landline Telephone, Pack of 1",$19.99 ,,USD,4.2,211,3,$17.20 ,FALSE,FALSE,TRUE,,TRUE,200+ bought in past month,"FREE delivery Tue, Sep 24 on $35 of items shipped by Amazon",FALSE,,,
B0D8B4HNNX,"OUKITEL G1 Rugged Smartphone Unlocked - 24+256GB/1TB Android 14 Rugged Cellphones, 6.52” HD Display 48MP Rear Camera 10600mAh Battery IP68/IP69K Waterproof Phone, Dual Sim/NFC/Fingerprint 2024",$199.99 ,,USD,4.6,39,1,$199.99 ,FALSE,FALSE,TRUE,Only 18 left in stock - order soon.,FALSE,,"FREE delivery Tue, Sep 24 Only 18 left in stock - order soon.",FALSE,,,Save $40.00 with coupon
B0CNPHHTM3,"HelloBaby DECT 6.0 Cordless Phone with 2 Handsets, Advanced Call Block, Expandable Cordless Phone with Trilingual Caller ID/Call Waiting, Full-Duplex Handset Speakerphone, Reliable 1000ft Range",$39.99 ,$42.99 ,USD,3.9,300,3,$34.74 ,FALSE,FALSE,TRUE,,FALSE,100+ bought in past month,"FREE delivery Tue, Sep 24",FALSE,,,Save 30% with coupon
B074VFRKZG,Motorola Moto X4 Factory Unlocked Phone - 32GB - 5.2&quot; - Super Black - PA8S0006US,$120.00 ,,USD,3.9,285,5,$109.95 ,FALSE,FALSE,TRUE,,FALSE,More Buying Choices,"FREE delivery Tue, Sep 24",FALSE,,,
B0BYJJYLJ8,"VTech LS6381-2 Bluetooth Speaker with Echo Cancellation, Noise Reduction, Music Streaming, PC/Landline/Cellular Calls, Paired with DECT6.0 Cordless Handset, Answering System, Smart Call Blocker,Black",$40.93 ,,USD,4.1,1899,17,$36.71 ,FALSE,FALSE,TRUE,Only 5 left in stock - order soon.,FALSE,500+ bought in past month,"FREE delivery Tue, Sep 24 Only 5 left in stock - order soon.",FALSE,,,
B0C5CJFVVD,"SAMSUNG Galaxy S20 FE 5G (128GB, 6GB) 6.5&quot; AMOLED, Snapdragon 865, Volte (Fully Unlocked for T-Mobile, AT&amp;T, Verizon, Global) G781U1 (w/Wireless Charger, Navy) (Renewed)",$199.00 ,,USD,3.9,1604,5,$150.00 ,FALSE,FALSE,TRUE,Only 5 left in stock - order soon.,FALSE,More Buying Choices,"FREE delivery Tomorrow, Sep 20 Only 5 left in stock - order soon.",TRUE,,,
B099NZRSND,Motorola One 5G UW 128GB Oxford Blue for Verizon (Renewed),$82.85 ,$97.99 ,USD,4.3,162,8,$73.99 ,FALSE,FALSE,FALSE,,TRUE,Typical price: ,FREE delivery Sep 24 - 26 Or fastest delivery Sep 20 - 24,FALSE,,,
B0D1C7N13W,"AT&amp;T Essentials Edge Pro Case, Cell Phone Accessories, with Drop Protection for Apple iPhone (Clear Edge, iPhone 15/14/13)",$17.99 ,$29.99 ,USD,3.4,6,1,$17.99 ,FALSE,FALSE,TRUE,,FALSE,List: ,"FREE delivery Tue, Sep 24 on $35 of items shipped by Amazon",TRUE,,,
B0016CVUR8,Hamburger Cheeseburger Burger Phone Telephone IN JUNO(Telephone),$12.98 ,$15.80 ,USD,4.3,1079,8,$12.00 ,FALSE,FALSE,TRUE,,FALSE,100+ bought in past month,"FREE delivery Tue, Sep 24 on $35 of items shipped by Amazon",FALSE,,,
B00R2K4LCY,"Scosche MAGWSM2 MagicMount Magnetic Suction Cup Mount for Car Windshield or Dashboard, 360° Adjustable Magnet Head, Universal Cell Phone Holder for Car, Compatible with iPhone, Samsung &amp; All Devices",$11.99 ,,USD,4.4,53768,4,$8.89 ,FALSE,FALSE,TRUE,,FALSE,200+ bought in past month,"FREE delivery Tue, Sep 24 on $35 of items shipped by Amazon",FALSE,,,
B09GKPDCVW,Yealink W76P - IP DECT Phone Bundle W56H with W70 Base,$161.23 ,$179.99 ,USD,4.2,155,31,$95.00 ,FALSE,FALSE,FALSE,Only 11 left in stock - order soon.,FALSE,200+ bought in past month,"FREE delivery Tue, Sep 24 Only 11 left in stock - order soon.",FALSE,,,
B0CNT2N5LK,"Unlocked Smartphone, 6.3 inch HD Display, Android10.0, Dual SIM, Dual Cameras, 1GB RAM+16GB ROM (Expandable to 128GB), Support: WiFi, Bluetooth, GPS 3G Mobile Phones (Black)",$65.99 ,,USD,3,165,1,$65.99 ,FALSE,FALSE,TRUE,,FALSE,,"FREE delivery Fri, Sep 27",TRUE,,,
B09GKXZCWY,"SAMSUNG Galaxy Z Flip 3 5G Factory Unlocked Android Cell Phone US Version Smartphone Flex Mode Intuitive Camera Compact 128GB Storage US Warranty, Green (Renewed)",$326.00 ,$539.99 ,USD,3.9,313,4,$214.99 ,FALSE,FALSE,FALSE,Only 3 left in stock - order soon.,TRUE,50+ bought in past month,"FREE delivery Sep 26 - Oct 2 Or fastest delivery Tomorrow, Sep 20 Only 3 left in stock - order soon.",FALSE,,,
B094XLBK47,Samsung Galaxy A51 5G | A516U | 128GB | Single SIM | Android Smartphone | Prism Crush Blue - Verizon Locked - (Renewed),$144.00 ,,USD,4.1,103,9,$134.00 ,FALSE,FALSE,TRUE,,TRUE,More Buying Choices,"FREE delivery Wed, Sep 25",FALSE,,,
B0CNNNYPPR,KYOCERA New E4830 DuraXE Epic AT&amp;T/Unlocked FirstNet Flip Smart Phone 16GB Rugged PTT Wi-Fi LTE Black (US Warranty) NO Verizon,$199.95 ,,USD,4.2,23,2,$84.55 ,FALSE,FALSE,FALSE,,FALSE,100+ bought in past month,"FREE delivery Fri, Sep 27 Or fastest delivery Tomorrow, Sep 20",FALSE,,,
B073FLYQZ5,Panasonic KX-TGM420W + (1) KX-TGMA44W Amplified Cordless Phone with Digital Answering Machine and Voice Volume Booster upto 40 dB (2 Handsets),$195.24 ,,USD,4.3,951,1,$195.24 ,FALSE,FALSE,FALSE,,FALSE,100+ bought in past month,"FREE delivery Sep 23 - 25 Or fastest delivery Tomorrow, Sep 20",FALSE,,,
B0D8765X3Q,"VTech 3-Handset Cordless Phone with Answering Machine, with Large Display and Big Buttons Caller ID, Full-Duplex Speakerphone, Last 10 Number Redial, Easy to use VG232-3",$65.95 ,,USD,4.5,19,3,$45.77 ,FALSE,FALSE,TRUE,,FALSE,100+ bought in past month,"FREE delivery Thu, Sep 26 Or fastest delivery Tue, Sep 24",FALSE,,,
B0CH7Q92J8,"NUU A23Plus Basic Cell Phone for AT&amp;T, T-Mobile, Cricket, Mint Mobile, Metro, 64G/3GB 6.3&quot; 4G LTE, Q Link, Hello Mobile Dual SIM, Black, 365 Days US Warranty with Detachable &amp; Replaceable Battery",$79.99 ,$84.99 ,USD,3.7,400,1,$79.99 ,FALSE,FALSE,TRUE,,FALSE,400+ bought in past month,"FREE delivery Tue, Sep 24",FALSE,,,
B0CMTLGC9W,"Kids Smart Phone for Girls, Christmas Birthday Gifts for Girls Age 3-10 Kids Toys Cell Phone, 2.8&quot; Touchscreen Toddler Learning Play Toy Phone with Dual Camera, Game, Music Player, 8G SD Card (Purple)",$31.99 ,$39.99 ,USD,4.2,1373,3,$26.93 ,FALSE,FALSE,TRUE,,FALSE,4K+ bought in past month,"FREE delivery Tue, Sep 24",FALSE,,,Save 10% with coupon
B0BYL93774,"Apple iPhone 14, 128GB, Midnight - Unlocked (Renewed Premium)",$541.06 ,$579.00 ,USD,4.2,776,6,$511.67 ,FALSE,FALSE,TRUE,,FALSE,500+ bought in past month,"FREE delivery Tue, Sep 24",TRUE,,,
B075Q15QBW,ZTE Cymbal 4G LTE speed &quot;Verizon Prepaid&quot; Cell Phone - Silver,$70.00 ,,USD,3.5,294,5,$14.97 ,FALSE,FALSE,TRUE,,FALSE,More Buying Choices,"FREE delivery Tue, Sep 24",FALSE,,,
B09D55BNYB,Motorola Moto G Stylus 128GB Mystic Indigo from Verizon (Renewed),$66.89 ,$77.00 ,USD,4,119,10,$62.22 ,FALSE,FALSE,FALSE,Only 2 left in stock - order soon.,TRUE,Typical price: ,"FREE delivery Sat, Sep 21 Or fastest delivery Tomorrow, Sep 20 Only 2 left in stock - order soon.",FALSE,,,
B0CYGZFC54,"Mini Phone, 2.5 Inch 3G Mini Smartphone 2GB RAM 16GB ROM Backup Cellphone Lightweight 5MP Student Cellphone Unlocked Quad Core",$39.99 ,,USD,2.7,26,1,$39.99 ,FALSE,FALSE,TRUE,,FALSE,200+ bought in past month,"FREE delivery Tue, Sep 24",FALSE,,,
B0DCJRJDZS,A23 Unlocked Android Phone 6.7-inch HD LCD Unlocked Cell Phone 6GB+128GB Android 13 Smartphone 5500 mAh Large Battery Unlocked Phone 50MP+13MP Camera 4G Dual SIM (Black),$99.99 ,$109.99 ,USD,5,3,1,$99.99 ,FALSE,FALSE,FALSE,,FALSE,50+ bought in past month,FREE delivery,FALSE,,,
B0C5BHVCSJ,motorola Moto G Play 2023 3-Day Battery Unlocked Made for US 3/32GB 16MP Camera Navy Blue (Renewed),$72.99 ,$99.00 ,USD,3.9,291,17,$69.94 ,FALSE,FALSE,TRUE,Only 1 left in stock - order soon.,FALSE,400+ bought in past month,"FREE delivery Fri, Sep 27 Only 1 left in stock - order soon.",FALSE,,,
B08HC5GMK2,Samsung Galaxy A11 32GB A115U Fully Unlocked Smartphones (Renewed),$83.00 ,,USD,4,1194,16,$69.99 ,FALSE,FALSE,FALSE,Only 8 left in stock - order soon.,TRUE,100+ bought in past month,"FREE delivery Sat, Sep 21 Only 8 left in stock - order soon.",FALSE,,,
B0CN6Q9D6T,"AGM M9 Rugged Basic Cell Phone, 4G Feature Phone, Simple Mobile Phones, Waterproof, Drop-Proof, Large Buttons, Large Font, Speed Dial, 3 Card Slots, FM Radio, w/Flashlight, 1000mAh, for T-Mobile Only",$49.99 ,$79.99 ,USD,3.8,299,1,$49.99 ,FALSE,FALSE,TRUE,,FALSE,300+ bought in past month,"FREE delivery Tue, Sep 24",FALSE,,,Save 10% with coupon
B07P936C7F,"Yealink SIP-T57W IP Phone - Corded/Cordless - Corded/Cordless - Wi-Fi, Bluetooth - Wall Mountable, Desktop - Classic Gray",$202.00 ,$359.00 ,USD,3.7,93,25,$164.35 ,FALSE,FALSE,FALSE,Only 10 left in stock - order soon.,FALSE,List: ,"FREE delivery Sep 24 - 26 Or fastest delivery Mon, Sep 23 Only 10 left in stock - order soon.",FALSE,,,
B0BWJKXM2M,"Corded Phone, Landline Phone for Home, Mini Phone Use HD Call IC Chip, Used in Hotel/Office/Bank Call Center (Black)",$13.89 ,,USD,3.8,144,1,$13.89 ,FALSE,FALSE,TRUE,,FALSE,,"FREE delivery Tue, Sep 24 on $35 of items shipped by Amazon",FALSE,,,
B0BPN14LQG,Samsung Galaxy A23 5G SM-A236U Factory Unlocked 64GB Black (Renewed),$125.00 ,$134.00 ,USD,4.1,309,19,$103.90 ,FALSE,FALSE,FALSE,Only 1 left in stock - order soon.,FALSE,300+ bought in past month,"FREE delivery Sat, Sep 21 Only 1 left in stock - order soon.",FALSE,,,
B0CFB7W1W2,"Total by Verizon Motorola Moto g Play, 32GB, Black - Prepaid Smartphone (Locked)",$49.88 ,,USD,3.8,99,10,$43.89 ,FALSE,FALSE,TRUE,,FALSE,50+ bought in past month,"FREE delivery Tue, Sep 24",FALSE,,,
B0CLM9X2PP,Xiaomi Redmi 13C 4G LTE (128GB + 4GB) Factory Unlocked Global ROM GSM 6.74&quot; 50MP Triple Camera (Tello Mint &amp; Global) + Free Fast Car Charger (Midnight Black Global ROM) (Midnight Black Global ROM),$117.99 ,,USD,4.2,133,4,$117.70 ,FALSE,FALSE,TRUE,Only 6 left in stock - order soon.,FALSE,200+ bought in past month,"FREE delivery Fri, Sep 27 Only 6 left in stock - order soon.",FALSE,,,
B09Q98BRRN,"SAMSUNG Galaxy A03 Core (SM-A032/DS) Dual SIM 32GB/ 2GB RAM, GSM Unlocked International Version - No Warranty - Black",$89.00 ,,USD,3.8,1819,2,$67.17 ,FALSE,FALSE,TRUE,,FALSE,200+ bought in past month,"FREE delivery Wed, Sep 25",FALSE,,,
B00ZYHA1KI,Hamilton CapTel 2400i Captioned Telephone Large Touch-Screen Captioned Telephone with 40dB Amplification,$75.00 ,,USD,4.3,1603,4,$59.99 ,FALSE,FALSE,TRUE,,FALSE,300+ bought in past month,"FREE delivery Tue, Sep 24",FALSE,,,
B099N3XGP7,"AT&amp;T CL83507 DECT 6.0 5-Handset Cordless Phone for Home with Dual Keypad Base, Answering Machine, Call Blocking, Caller ID Announcer, Intercom and Long Range, Silver/Black",$131.88 ,$139.95 ,USD,4.3,3777,3,$62.01 ,FALSE,FALSE,TRUE,,FALSE,200+ bought in past month,"FREE delivery Thu, Sep 26 Or fastest delivery Tue, Sep 24",FALSE,,,
B07MZDNBDJ,BLU Z5 -GSM Unlocked Dual Sim -Black,$22.99 ,,USD,3.2,3283,1,$22.99 ,FALSE,FALSE,TRUE,,FALSE,300+ bought in past month,"FREE delivery Tue, Sep 24 on $35 of items shipped by Amazon",TRUE,,,
B0CLLV68VK,Xiaomi Redmi Note 13 PRO 5G + 4G LTE (256GB + 8GB) 6.67&quot; 200MP Triple (Tmobile Mint Tello &amp; Global) Global Bands Unlocked + (Fast Car Dual Charger Bundle) (Midnight Black (Global ROM)),$283.69 ,,USD,4.6,934,1,$283.69 ,FALSE,FALSE,TRUE,Only 11 left in stock - order soon.,FALSE,300+ bought in past month,"FREE delivery Tue, Sep 24 Only 11 left in stock - order soon.",TRUE,,,
B09PFC2DVD,Motorola Moto G Stylus | 2022 | 2-Day battery | Unlocked| Made for US by Motorola | 6/128GB | 50MP Camera | Twilight Blue,$169.00 ,,USD,4.2,2396,5,$109.99 ,FALSE,FALSE,TRUE,Only 12 left in stock - order soon.,FALSE,50+ bought in past month,"FREE delivery Tue, Sep 24 Only 12 left in stock - order soon.",TRUE,,,
B08MV7HWFK,"Google Pixel 5 5G, US Version, 128GB, Just Black - Unlocked (Renewed)",$154.31 ,$284.99 ,USD,3.9,2306,7,$134.99 ,FALSE,FALSE,FALSE,Only 6 left in stock - order soon.,TRUE,200+ bought in past month,"FREE delivery Fri, Sep 27 Or fastest delivery Tomorrow, Sep 20 Only 6 left in stock - order soon.",TRUE,,,
B09478TZZY,"Samsung Galaxy S21 5G, US Version, 128GB, Phantom Violet - AT&amp;T (Renewed)",$209.95 ,,USD,4,1729,5,$164.95 ,FALSE,FALSE,FALSE,,TRUE,More Buying Choices,"FREE delivery Sep 23 - 25 Or fastest delivery Tomorrow, Sep 20",TRUE,,,
B0CHH83K3W,Total by Verizon Motorola Moto g Pure Locked 32GB 4000 mAh Battery 13 MP Dual Camera System 6.5&quot; Max Vision HD+ Display Blue,$49.65 ,,USD,3.9,292,4,$49.27 ,FALSE,FALSE,TRUE,,FALSE,100+ bought in past month,"FREE delivery Tue, Sep 24",FALSE,,,
B086W923PZ,"D1005 Cordless Phone for Home, ECO Technology, Caller ID, Speakerphone(Single Pack, Black)",$27.98 ,$32.98 ,USD,3.8,1414,1,$27.98 ,FALSE,FALSE,TRUE,,FALSE,50+ bought in past month,"FREE delivery Wed, Sep 25 on $35 of items shipped by Amazon",FALSE,,,
B0D5PFR7DK,Moto G Stylus 5G | 2024 | Unlocked | Made for US 8/256GB | 50MP Camera | Scarlet Wave,$399.99 ,,USD,4.3,48,2,$335.99 ,FALSE,FALSE,TRUE,,FALSE,300+ bought in past month,"FREE delivery Tue, Sep 24",FALSE,,,
B0D8VXV8RM,Kids Smart Phone Toys Cell Phone for Boys Girls Toddlers Baby Childrens 3-8 Years Old with Camera Touchscreen for Birthday,$39.99 ,,USD,4.4,31,1,$39.99 ,FALSE,FALSE,TRUE,,FALSE,,"FREE delivery Tue, Sep 24",FALSE,,,Save 30% with coupon
B0CH964JZ8,LIVELY Jitterbug Smart4 Smartphone for Seniors - Cell Phone for Seniors - Not Compatible with Other Wireless Carriers - Must Be Activated Phone Plan,$71.99 ,$119.99 ,USD,4,1857,3,$65.35 ,FALSE,FALSE,TRUE,,FALSE,500+ bought in past month,"FREE delivery Tue, Sep 24",FALSE,,,
B0B4F4DH6H,"Panasonic Expandable Corded Phone System, Bluetooth Pairing for Wireless Headphones and Hearing Aids, Smart Call Block, KX-TGF892B (Black), 2 Cordless + 1 Corded Handset (Pack of 1)",$114.28 ,$129.99 ,USD,4.2,539,2,$41.84 ,FALSE,FALSE,TRUE,,FALSE,50+ bought in past month,"FREE delivery Tue, Sep 24",FALSE,,,
B0D6Z95D5K,Motorola Moto G04 XT2421-2 (Dual Sim) Factory GSM Unlocked | 4+128GB | 6.56&quot; 90Hz LCD Display | 16MP Camera | International Model - (Green),$119.99 ,,USD,5,1,1,$119.99 ,FALSE,FALSE,TRUE,,FALSE,,"FREE delivery Wed, Sep 25",TRUE,,,
B0C9LPCS42,"Nothing Phone (2) - 512 GB + 12 GB Ram, Glyph Interface, OS 2.0, 50 MP Dual Camera,OIS, 6.7” LTPO OLED Display, 4700mAh Battery, Water Resistant IP54, LTE, GSM only, Android Phone, Dark Grey",$689.99 ,,USD,4.5,224,6,$640.28 ,FALSE,FALSE,FALSE,,FALSE,More Buying Choices,FREE delivery,TRUE,,,
B0B4F4DH6H,"Panasonic Expandable Corded Phone System, Bluetooth Pairing for Wireless Headphones and Hearing Aids, Smart Call Block, KX-TGF892B (Black), 2 Cordless + 1 Corded Handset (Pack of 1)",$114.28 ,$129.99 ,USD,4.2,539,2,$41.84 ,FALSE,FALSE,TRUE,,FALSE,50+ bought in past month,"FREE delivery Tue, Sep 24",FALSE,,,
B0D6Z95D5K,Motorola Moto G04 XT2421-2 (Dual Sim) Factory GSM Unlocked | 4+128GB | 6.56&quot; 90Hz LCD Display | 16MP Camera | International Model - (Green),$119.99 ,,USD,5,1,1,$119.99 ,FALSE,FALSE,TRUE,,FALSE,,"FREE delivery Wed, Sep 25",TRUE,,,
B0C9LPCS42,"Nothing Phone (2) - 512 GB + 12 GB Ram, Glyph Interface, OS 2.0, 50 MP Dual Camera,OIS, 6.7” LTPO OLED Display, 4700mAh Battery, Water Resistant IP54, LTE, GSM only, Android Phone, Dark Grey",$689.99 ,,USD,4.5,224,6,$640.28 ,FALSE,FALSE,FALSE,,FALSE,More Buying Choices,FREE delivery,TRUE,,,
B0CY8Q7V4S,Samsung Galaxy A35 5G A356E 128GB Dual-SIM GSM Unlocked Android Smartphone (Latin Variant/US Compatible LTE) - Awesome Ice Blue,$255.00 ,,USD,4.2,51,11,$244.97 ,FALSE,FALSE,TRUE,Only 19 left in stock - order soon.,FALSE,100+ bought in past month,"FREE delivery Tue, Sep 24 Only 19 left in stock - order soon.",FALSE,,,
B07ZR9YHPY,Vtech AT2909/CL2909 Corded Speakerphone,$34.67 ,,USD,4.2,290,22,$13.98 ,FALSE,FALSE,TRUE,,FALSE,100+ bought in past month,"FREE delivery Tue, Sep 24 on $35 of items shipped by Amazon",FALSE,,,
B0D7HWR5QG,"Google Pixel 9 Pro XL - Unlocked Android Smartphone with Gemini, Triple Rear Camera System, 24-Hour Battery, and 6.8&quot; Super Actua Display - Obsidian - 256 GB","$1,199.00 ",,USD,4.3,41,3,"$1,151.04 ",FALSE,FALSE,TRUE,,FALSE,300+ bought in past month,"FREE delivery Tue, Sep 24",FALSE,,,
B0CV73SG4Z,"SAMSUNG Galaxy S24 Ultra 5G S9280 Physical Dual SIM 512GB 12GB RAM AI Smartphone, Factory Unlocked, Global Model, Long Battery Life - Titanium Violet",$993.90 ,,USD,4.3,43,1,$993.90 ,FALSE,FALSE,FALSE,,FALSE,200+ bought in past month,"FREE delivery Tue, Sep 24",FALSE,,,
B003DNSA6M,"XBLUE Add-on Phone for X16 Office Phone System (XB1670-00, Charcoal)",$199.99 ,,USD,4.3,115,2,$69.94 ,FALSE,FALSE,FALSE,,FALSE,More Buying Choices,"FREE delivery Thu, Sep 26 Or fastest delivery Tomorrow, Sep 20",FALSE,,,
B0DCFYC1N9,K60 Unlocked 5G Smart Phone 2024 Android 13 Cell Phone 8GB+256GB 8-Core Smart Phones 6.7&quot; HD Screen 24MP+64MP Camera 6800mAh Battery Standby 5G Dual SIM Cell Phone with Android Phone (Azure),$99.99 ,,USD,3.5,7,1,$99.99 ,FALSE,FALSE,TRUE,,FALSE,,"FREE delivery Wed, Sep 25",FALSE,,,
B08CHRHFRL,Samsung Galaxy A01 16GB BLACK VERIZON (Renewed),$57.00 ,$79.90 ,USD,3.9,359,25,$49.00 ,FALSE,FALSE,TRUE,,TRUE,100+ bought in past month,"FREE delivery Tue, Sep 24",FALSE,,,
B08XJVZT4R,"OnePlus Nord N10 5G Unlocked, Midnight Ice​, 6GB RAM + 128GB storage, US Version (Renewed)",$128.00 ,,USD,4,320,4,$119.90 ,FALSE,FALSE,TRUE,Only 13 left in stock - order soon.,TRUE,More Buying Choices,"FREE delivery Thu, Sep 26 Only 13 left in stock - order soon.",TRUE,,,
B07RBMP5V4,"Sangyn Retro Wall Phones for Landline with Mechanical Ringer Corded Telephone Wall Mounted with Indicator Waterproof Old Style Landline Phones for Home Kitchen, Red",$34.98 ,$38.98 ,USD,4,1645,1,$34.98 ,FALSE,FALSE,TRUE,,FALSE,50+ bought in past month,"FREE delivery Tue, Sep 24 on $35 of items shipped by Amazon",FALSE,,,
B0BCF3YGGF,"Samsung Galaxy S22 5G (128GB, 8GB) 6.2&quot; 120Hz, 50MP 4K Camera (Fully Unlocked, US &amp; Global) S901U1 (w/ 25W Super Fast Charge Cube, Black)(Renewed)",$249.99 ,$270.00 ,USD,4.1,142,11,$219.00 ,FALSE,FALSE,FALSE,,FALSE,200+ bought in past month,"FREE delivery Mon, Sep 23",FALSE,,,
B08PMLLQ6P,"SAMSUNG Galaxy A71 5G (128GB, 6GB) 6.7&quot; AMOLED+, Snapdragon 765G, 4500mAh Battery, Global 5G Volte GSM AT&amp;T Unlocked (T-Mobile, Metro, Straight Talk) US Warranty A716U (Prism Cube Black)",$229.72 ,,USD,3.4,186,6,$125.99 ,FALSE,FALSE,FALSE,,FALSE,50+ bought in past month,FREE delivery,FALSE,,,
B07CCNTHYH,"Alcatel 1 5033J Unlocked Smartphone Dual Sim 5&quot; 18:9 Display, Android Oreo (Go Edition), 8MP Rear Camera, 4G LTE - Works Worldwide &amp; in The U.S GSM Carriers -Black",$59.99 ,$62.99 ,USD,3.8,161,4,$39.00 ,FALSE,FALSE,TRUE,Only 11 left in stock - order soon.,FALSE,Typical: ,"FREE delivery Tue, Sep 24 Only 11 left in stock - order soon.",FALSE,,,
B0BJH9DSDV,SIMBROS Unlocked FLIP 4 AT&amp;T SMARTFLIP IV U102AA 4G 4GB Phone -Works with AT&amp;T T-Mobile &amp; Cricket -NOT Good for VERIZON Simkey,$69.99 ,,USD,3.5,77,3,$49.99 ,FALSE,FALSE,TRUE,,TRUE,Shop products from small business brands sold in Amazon’s store. Discover more about the small businesses partnering with Amazon and Amazon’s commitment to empowering them.,"FREE delivery Tue, Sep 24",FALSE,,,
B0D41Q7FBN,"DOOGEE N55 Plus Android 14 Cell Phone Unlocked(2024), 20GB+128GB/TF 1TB, 5150mAh Battery Octa-Core Unlocked Phone, 6.56&quot;+90Hz Display, Dual Camera/Dual SIM 4G Smartphones with Face ID &amp; OTG(Black)",$199.99 ,,USD,4.2,15,2,$101.15 ,FALSE,FALSE,TRUE,Only 2 left in stock - order soon.,FALSE,More Buying Choices,"FREE delivery Tue, Sep 24 Only 2 left in stock - order soon.",FALSE,,,
B09P3LLRGG,"It can Edit 9 one Touch Memory Speed Dialing and Images, Elderly Image Phone, Phone for Patients with Alzheimer&#x27;s Disease and Enlarged Phone for Patients with Hearing Impairment",$29.99 ,,USD,3.9,284,2,$21.99 ,FALSE,FALSE,TRUE,,FALSE,200+ bought in past month,"FREE delivery Tue, Sep 24 on $35 of items shipped by Amazon",FALSE,,,
B0D8PN6CPQ,"TOCOL 3 in 1 Magnetic for iPhone 16 Case, Upgraded Full Camera Protection, Compatible with Magsafe, 16FT Drop Protection, Translucent Matte Back Bumper Phone Cover 6.1-Inch（Black）",$14.99 ,$24.99 ,USD,4.6,4022,1,$14.99 ,FALSE,FALSE,TRUE,,TRUE,500+ bought in past month,"FREE delivery Tue, Sep 24 on $35 of items shipped by Amazon",FALSE,,,
B0D3F44F6B,"TONEOF 66&quot; Automatic Tripod,Auto-Open Phone Tripod Stand with Magnetic Rechargable Remote,360° Vertical &amp; Horizontal Rotatable Travel Tripod,Stable Cell Phone Tripod for iPhone/Android（Black）",$34.99 ,,USD,4.7,123,1,$34.99 ,FALSE,FALSE,TRUE,,FALSE,500+ bought in past month,"FREE delivery Tue, Sep 24 on $35 of items shipped by Amazon",FALSE,,,
B0CJ8YT4K5,"Power Charger, 3-in-1 65W GaN Type C Charger, Fast Charging Wall Charger,All-Round Protection USB C Charger Block for Nothing Phone and iPad Pro, iPhone 12/13/14/15,Galaxy S",$39.00 ,,USD,4.6,47,1,$39.00 ,FALSE,FALSE,TRUE,,FALSE,50+ bought in past month,"FREE delivery Thu, Sep 26 Or fastest delivery Wed, Sep 25",FALSE,,,
B0D1CWR48M,"Prepaid USA SIM Card, 25GB/365 Day, 4G LTE &amp; 5G on Verizon, T Mobile &amp; ATT, Data Only SIM Card for Unlocked IoT Device, Compatible with Cell Phones, GPS Tracker, Security, Trail Camera",$139.00 ,,USD,4.7,4,1,$139.00 ,FALSE,FALSE,TRUE,,FALSE,,"FREE delivery Tue, Sep 24",FALSE,,,Save $30.00 with coupon
B0D3WTGSJY,"Ring Light [3 Color, 5 Brightness &amp; Timer] 3.5&#x27;&#x27; Small Video Conference Lighting Clip On Monitor Laptop iPad Phone, USB Plug Dimmable Selfie Light for Working, Meeting, YouTube/TikTok Content Creator",$15.99 ,,USD,4.4,82,1,$15.99 ,FALSE,FALSE,TRUE,,FALSE,500+ bought in past month,"FREE delivery Tue, Sep 24 on $35 of items shipped by Amazon",FALSE,,,
B0DDY54XPY,"UMIDIGI F3 (8GB+128GB) Unlocked Cell Phone, NFC, Android11, 6.7inch HD Full Screen, 5150mAh Battery, Smartphone with 48MP AI Triple Camera, 18W Fast Charging, Dual SIM",$135.99 ,,USD,3.6,104,1,$135.99 ,FALSE,FALSE,TRUE,,FALSE,,"FREE delivery Wed, Sep 25",FALSE,,,
B0D5CVTSZ1,"Magnetic Neck Mount for Phones, Hands Free POV/Vlog Selfie Mount Flexible Neck Phone Holder for Recording, Magnetic Phone Chest Mount for iPhone 15 14 13 12 Seires and All Smartphones",$27.49 ,$29.94 ,USD,4.6,38,1,$27.49 ,FALSE,FALSE,TRUE,,FALSE,300+ bought in past month,"FREE delivery Tue, Sep 24 on $35 of items shipped by Amazon",FALSE,,,Save 20% with coupon
B0CZ3YPSRX,"Gimbal Stabilizer for Smartphone, 3-Axis Phone Gimbal Portable and Foldable with AI Tracking Sensor Magnetic Fill Light, Gimbal Stabilizer for iPhone &amp; Android, Phone stabilizer for Video Recording",$99.99 ,,USD,4.7,8,1,$99.99 ,FALSE,FALSE,TRUE,,FALSE,,"FREE delivery Thu, Sep 26",FALSE,,,Save 50% with coupon
B0CHB24KQJ,"[True Military-Grade] Car Phone Holder【2024 Stronger Suction &amp; Clip】 Universal Cell Phone Holder for Car Mount for Dashboard Windshield Air Vent Long Arm Cell Phone Car Mount Thick Case,Purple",$39.99 ,$45.99 ,USD,4.4,2589,1,$39.99 ,FALSE,FALSE,TRUE,,FALSE,50+ bought in past month,"FREE delivery Tue, Sep 24",FALSE,,,
B01LXOPZ4W,"Wall Mount Cell Phone Charging Shelf | Multi-Device Station with 8 Ports | Compatible with Apple iPhone, iPad, Samsung, Android, Tablets and More! (18&quot; x 9&quot;)",$273.00 ,,USD,4.1,45,1,$273.00 ,FALSE,FALSE,FALSE,,FALSE,,FREE delivery Sep 25 - 30,FALSE,,,
B0CXPJK7F7,"Sensyne 92&quot; Cell Phone Tripod, Selfie Stick Tripod with 16.5&quot; Flexible Gooseneck, Overhead Phone Stand for Video Recording, Photography, Compatible with Phone, Camera",$29.99 ,,USD,4.6,29066,1,$29.99 ,TRUE,FALSE,TRUE,,FALSE,300+ bought in past month,"FREE delivery Tue, Sep 24 on $35 of items shipped by Amazon",FALSE,,,
B0CQ237PFS,"Portable Charger 33800mAh USB C Power Bank with Built-in Cables &amp; AC Wall Plug,25W Fast Charging+QC 4.0 Phone Charger,4 Output LCD Display Battery Pack Compatible with iPhone15/14,Samsung,Android etc",$45.95 ,$69.95 ,USD,4.4,672,1,$45.95 ,FALSE,FALSE,TRUE,,FALSE,3K+ bought in past month,"FREE delivery Tue, Sep 24",FALSE,,,Save 20% with coupon
